"country_name","year","co2","inflation","unemployment","inflation_norm","co2_norm","unemployment_norm","Continent"
"Afghanistan",2020,0.01,5.44,8.732,0.153542822,0,0.394730876,"Asia"
"Afghanistan",2017,0.203327569,4.98,7.728,0.152125693,0.005915137,0.34920419,"Asia"
"Afghanistan",2014,0.234036914,4.67,6.463,0.151170672,0.006854734,0.29184238,"Asia"
"Afghanistan",2016,0.208857196,4.38,7.301,0.150277264,0.006084324,0.329841745,"Asia"
"Afghanistan",2019,0.01,2.3,7.961,0.143869378,0,0.359769646,"Asia"
"Afghanistan",2018,0.200151071,0.63,7.833,0.138724584,0.005817947,0.353965447,"Asia"
"Afghanistan",2015,0.232175631,-0.66,6.879,0.134750462,0.006797785,0.310706026,"Asia"
"Albania",2017,1.948872038,2,11.972,0.142945163,0.059322598,0.541649662,"Europe"
"Albania",2018,1.939731563,2,10.201,0.142945163,0.059042932,0.461343128,"Europe"
"Albania",2015,1.759987059,1.9,13.874,0.142637092,0.053543388,0.627896431,"Europe"
"Albania",2014,1.806788541,1.6,16.316,0.141712877,0.054975347,0.738629665,"Europe"
"Albania",2020,0.01,1.6,10.826,0.141712877,0,0.489683943,"Europe"
"Albania",2019,0.01,1.4,9.43,0.141096734,0,0.426381898,"Europe"
"Albania",2016,1.714126173,1.3,13.311,0.140788663,0.052140208,0.602367025,"Europe"
"Algeria",2016,3.535019927,6.4,6.042,0.156500308,0.107853089,0.272752007,"Africa"
"Algeria",2017,3.505747662,5.6,7.369,0.154035736,0.106957462,0.332925226,"Africa"
"Algeria",2015,3.674232947,4.8,7.15,0.151571165,0.112112513,0.322994604,"Africa"
"Algeria",2018,3.591657418,4.3,7.56,0.150030807,0.109585995,0.341586179,"Africa"
"Algeria",2014,3.566208834,2.9,6.491,0.145717807,0.108807359,0.293112048,"Africa"
"Algeria",2020,0.01,2.4,9.19,0.144177449,0,0.415499025,"Africa"
"Algeria",2019,0.01,2,7.726,0.142945163,0,0.349113499,"Africa"
"Angola",2016,1.227702942,30.7,9.277,0.231361676,0.037257385,0.419444067,"Africa"
"Angola",2017,1.0343173,29.8,9.814,0.228589033,0.031340471,0.443794495,"Africa"
"Angola",2020,0.01,22.3,10.801,0.205483672,0,0.488550311,"Africa"
"Angola",2018,0.887380364,19.6,10.292,0.197165742,0.026844723,0.465469551,"Africa"
"Angola",2019,0.01,17.1,10.675,0.189463956,0,0.482836802,"Africa"
"Angola",2015,1.260920989,9.2,8.691,0.165126309,0.038273739,0.392871718,"Africa"
"Angola",2014,1.285364553,7.3,8.104,0.159272951,0.039021625,0.366254024,"Africa"
"Argentina",2019,0.01,53.5,6.84,0.301601972,0,0.30893756,"South America"
"Argentina",2020,0.01,42,8.48,0.266173752,0,0.383303859,"South America"
"Argentina",2018,3.987234198,34.3,6.119,0.242452249,0.12168924,0.276243595,"South America"
"Argentina",2017,4.089471516,25.7,5.389,0.215958102,0.124817339,0.243141523,"South America"
"Argentina",2014,4.216360632,0,4.671,0.136783734,0.128699695,0.210583594,"South America"
"Argentina",2015,4.314433522,0,4.871,0.136783734,0.131700377,0.219652655,"South America"
"Argentina",2016,4.227539442,0,5.224,0.136783734,0.129041727,0.235659547,"South America"
"Armenia",2015,1.825292192,3.7,12.393,0.148182378,0.055541493,0.560740035,"Europe"
"Armenia",2014,1.881607731,3,11.94,0.146025878,0.057264549,0.540198612,"Europe"
"Armenia",2018,1.880246268,2.5,13.753,0.144485521,0.057222893,0.622409649,"Europe"
"Armenia",2019,0.01,1.4,12.634,0.141096734,0,0.571668254,"Europe"
"Armenia",2017,1.806581049,1.2,13.303,0.140480591,0.054968999,0.602004262,"Europe"
"Armenia",2020,0.01,1.2,13.839,0.140480591,0,0.626309346,"Europe"
"Armenia",2016,1.726752782,-1.4,12.851,0.132470733,0.052526537,0.581508185,"Europe"
"Australia",2014,15.7558761,2.5,4.448,0.144485521,0.481767881,0.200471591,"Oceania"
"Australia",2017,15.7386474,2,3.989,0.142945163,0.481240744,0.179658096,"Oceania"
"Australia",2018,15.47551649,1.9,3.85,0.142637092,0.473189873,0.173355099,"Oceania"
"Australia",2019,0.01,1.6,3.785,0.141712877,0,0.170407654,"Oceania"
"Australia",2015,15.7864494,1.5,4.469,0.141404806,0.482703316,0.201423843,"Oceania"
"Australia",2016,15.87207954,1.3,4.098,0.140788663,0.485323294,0.184600735,"Oceania"
"Australia",2020,0.01,0.9,5.014,0.139556377,0,0.226137034,"Oceania"
"Austria",2017,7.482751479,2.2,5.299,0.143561306,0.228639653,0.239060445,"Europe"
"Austria",2018,7.146637625,2.1,4.503,0.143253235,0.218355763,0.202965583,"Europe"
"Austria",2014,7.253383781,1.5,5.147,0.141404806,0.221621816,0.232167959,"Europe"
"Austria",2019,0.01,1.5,4.049,0.141404806,0,0.182378815,"Europe"
"Austria",2020,0.01,1.4,4.58,0.141096734,0,0.206457171,"Europe"
"Austria",2016,7.255626516,1,5.631,0.139864449,0.221690436,0.254115086,"Europe"
"Austria",2015,7.306745266,0.8,5.389,0.139248306,0.223254488,0.243141523,"Europe"
"Azerbaijan",2017,3.244356904,12.9,3.136,0.176524954,0.098959833,0.140978552,"Europe"
"Azerbaijan",2016,3.347061821,12.4,3.08,0.174984596,0.102102239,0.138439215,"Europe"
"Azerbaijan",2015,3.333906429,4,2.976,0.149106593,0.101699731,0.133723303,"Europe"
"Azerbaijan",2020,0.01,2.8,5.121,0.145409735,0,0.230988981,"Europe"
"Azerbaijan",2019,0.01,2.6,3.382,0.144793592,0,0.152133497,"Europe"
"Azerbaijan",2018,3.221402183,2.3,3.169,0.143869378,0.0982575,0.142474947,"Europe"
"Azerbaijan",2014,3.422100645,1.4,2.872,0.141096734,0.10439816,0.129007391,"Europe"
"Bahamas",2019,0.01,2.5,7.394,0.144485521,0,0.334058858,"North America"
"Bahamas",2018,5.86046391,2.3,7.432,0.143869378,0.179003415,0.33578198,"North America"
"Bahamas",2015,6.333511491,1.9,8.713,0.142637092,0.193476991,0.393869315,"North America"
"Bahamas",2017,5.631972841,1.5,6.461,0.141404806,0.1720124,0.291751689,"North America"
"Bahamas",2014,7.069139966,1.2,10.061,0.140480591,0.21598461,0.454994785,"North America"
"Bahamas",2020,0.01,0,9.942,0.136783734,0,0.449598694,"North America"
"Bahamas",2016,5.794831222,-0.3,8.878,0.135859519,0.176995288,0.40135129,"North America"
"Bahrain",2016,21.18119531,2.8,0.237,0.145409735,0.647763379,0.009522514,"Asia"
"Bahrain",2014,22.61852459,2.6,0.205,0.144793592,0.69174055,0.008071464,"Asia"
"Bahrain",2018,19.59297584,2.1,0.252,0.143253235,0.599169504,0.010202694,"Asia"
"Bahrain",2015,22.30559688,1.8,0.214,0.14232902,0.682166073,0.008479572,"Asia"
"Bahrain",2017,20.33362404,1.4,0.245,0.141096734,0.621830708,0.009885276,"Asia"
"Bahrain",2019,0.01,1,0.269,0.139864449,0,0.010973564,"Asia"
"Bahrain",2020,0.01,-2.3,0.706,0.12969809,0,0.030789462,"Asia"
"Bangladesh",2014,0.412898523,7.3,1.515,0.159272951,0.012327264,0.067473813,"Asia"
"Bangladesh",2015,0.458797539,6.4,1.528,0.156500308,0.013731611,0.068063302,"Asia"
"Bangladesh",2016,0.466776363,5.9,1.544,0.154959951,0.013975734,0.068788827,"Asia"
"Bangladesh",2018,0.512837314,5.8,1.684,0.154651879,0.015385036,0.07513717,"Asia"
"Bangladesh",2020,0.01,5.6,2.38,0.154035736,0,0.106697501,"Asia"
"Bangladesh",2019,0.01,5.5,1.692,0.153727665,0,0.075499932,"Asia"
"Bangladesh",2017,0.492906613,5.4,1.677,0.153419593,0.014775227,0.074819752,"Asia"
"Barbados",2017,4.192447306,4.4,6.256,0.150338879,0.127968032,0.282455902,"North America"
"Barbados",2019,0.01,2.3,6.772,0.143869378,0,0.305854079,"North America"
"Barbados",2014,4.529096814,1.8,9.329,0.14232902,0.138268311,0.421802022,"North America"
"Barbados",2016,4.583656989,1.5,5.737,0.141404806,0.139937659,0.258921689,"North America"
"Barbados",2020,0.01,0.5,8.128,0.138324091,0,0.367342312,"North America"
"Barbados",2015,4.52112839,-1.1,8.275,0.133394948,0.138024506,0.374008071,"North America"
"Barbados",2018,4.360870779,-44.4,5.918,0,0.133121192,0.267129189,"North America"
"Belarus",2014,6.294110768,18.1,6.898,0.19254467,0.192271469,0.311567587,"Europe"
"Belarus",2015,5.801665688,13.5,6.924,0.178373383,0.177204399,0.312746565,"Europe"
"Belarus",2016,5.83037177,11.8,6.935,0.173136168,0.178082703,0.313245363,"Europe"
"Belarus",2017,5.945667132,6,6.839,0.155268022,0.181610331,0.308892214,"Europe"
"Belarus",2019,0.01,5.6,4.418,0.154035736,0,0.199111232,"Europe"
"Belarus",2020,0.01,5.5,3.959,0.153727665,0,0.178297737,"Europe"
"Belarus",2018,6.283647736,4.9,5.297,0.151879236,0.191951337,0.238969755,"Europe"
"Belgium",2018,8.179711061,2.3,5.471,0.143869378,0.249964141,0.246859838,"Europe"
"Belgium",2017,8.155491115,2.2,6.059,0.143561306,0.249223096,0.273522877,"Europe"
"Belgium",2016,8.323756718,1.8,6.928,0.14232902,0.254371426,0.312927946,"Europe"
"Belgium",2019,0.01,1.3,4.863,0.140788663,0,0.219289893,"Europe"
"Belgium",2015,8.444061111,0.6,7.77,0.138632163,0.258052313,0.351108693,"Europe"
"Belgium",2014,8.043495541,0.5,7.697,0.138324091,0.24579643,0.347798485,"Europe"
"Belgium",2020,0.01,0.4,4.948,0.13801602,0,0.223144243,"Europe"
"Belize",2014,1.386664252,1.2,2.499,0.140480591,0.042121036,0.112093593,"North America"
"Belize",2017,1.729758499,1.1,3.157,0.14017252,0.052618502,0.141930803,"North America"
"Belize",2016,1.764391326,0.7,2.409,0.138940234,0.053678143,0.108012515,"North America"
"Belize",2018,1.775127848,0.3,3.549,0.137707948,0.054006643,0.159706162,"North America"
"Belize",2019,0.01,0.2,3.831,0.137399877,0,0.172493538,"North America"
"Belize",2020,0.01,0.1,4.887,0.137091805,0,0.22037818,"North America"
"Belize",2015,1.828629691,-0.9,3.684,0.134011091,0.055643609,0.165827779,"North America"
"Benin",2020,0.01,3,1.059,0.146025878,0,0.046796354,"Africa"
"Benin",2017,0.65860166,1.8,1.121,0.14232902,0.019844907,0.049607763,"Africa"
"Benin",2018,0.688722324,0.8,0.883,0.139248306,0.020766492,0.038815581,"Africa"
"Benin",2015,0.566378737,0.2,1.12,0.137399877,0.017023213,0.049562418,"Africa"
"Benin",2016,0.665006634,-0.8,1.182,0.134319162,0.020040876,0.052373827,"Africa"
"Benin",2019,0.01,-0.9,0.799,0.134011091,0,0.035006575,"Africa"
"Benin",2014,0.535635874,-1.1,1.088,0.133394948,0.016082591,0.048111368,"Africa"
"Bhutan",2014,1.307274985,9.6,1.22,0.166358595,0.039692007,0.054096948,"Asia"
"Bhutan",2015,1.31888966,6.7,1.097,0.157424522,0.040047375,0.048519476,"Asia"
"Bhutan",2017,1.783886808,4.3,1.26,0.150030807,0.054274636,0.05591076,"Asia"
"Bhutan",2018,1.829277992,3.7,1.361,0.148182378,0.055663445,0.060490636,"Asia"
"Bhutan",2016,1.669594112,3.3,1.17,0.146950092,0.050777685,0.051829683,"Asia"
"Bhutan",2020,0.01,3,2.801,0.146025878,0,0.125787875,"Asia"
"Bhutan",2019,0.01,2.8,1.535,0.145409735,0,0.068380719,"Asia"
"Bolivia",2014,1.883899311,5.8,0.913,0.154651879,0.057334663,0.04017594,"South America"
"Bolivia",2015,1.877691189,4.1,1.844,0.149414664,0.057144717,0.082392418,"South America"
"Bolivia",2016,1.958878597,3.6,2.402,0.147874307,0.059628763,0.107695098,"South America"
"Bolivia",2017,1.987875656,2.8,2.735,0.145409735,0.06051597,0.122795085,"South America"
"Bolivia",2018,2.000327663,2.3,2.653,0.143869378,0.060896957,0.11907677,"South America"
"Bolivia",2019,0.01,1.8,2.681,0.14232902,0,0.120346438,"South America"
"Bolivia",2020,0.01,0.9,4.336,0.139556377,0,0.195392917,"South America"
"Bosnia and Herzegovina",2018,6.781131607,1.4,15.054,0.141096734,0.207172577,0.681403891,"Europe"
"Bosnia and Herzegovina",2017,6.758099426,0.8,15.987,0.139248306,0.206467874,0.72371106,"Europe"
"Bosnia and Herzegovina",2019,0.01,0.6,11.685,0.138632163,0,0.52863556,"Europe"
"Bosnia and Herzegovina",2014,5.597187449,-0.9,21.256,0.134011091,0.170948091,0.962635469,"Europe"
"Bosnia and Herzegovina",2015,5.718264797,-1,21.65,0.133703019,0.174652628,0.980501519,"Europe"
"Bosnia and Herzegovina",2020,0.01,-1.1,12.304,0.133394948,0,0.556704303,"Europe"
"Bosnia and Herzegovina",2016,6.597243038,-1.6,19.105,0.13185459,0.20154624,0.865097719,"Europe"
"Botswana",2014,3.413738935,4.4,12.367,0.150338879,0.104142322,0.559561057,"Africa"
"Botswana",2017,3.569037983,3.3,14.247,0.146950092,0.108893921,0.64481023,"Africa"
"Botswana",2018,3.64230522,3.2,14.46,0.146642021,0.111135638,0.65446878,"Africa"
"Botswana",2015,3.399795164,3.1,13.025,0.146333949,0.103715692,0.589398268,"Africa"
"Botswana",2016,3.296410755,2.8,13.669,0.145409735,0.100552496,0.618600644,"Africa"
"Botswana",2019,0.01,2.7,15.123,0.145101664,0,0.684532717,"Africa"
"Botswana",2020,0.01,1.9,15.89,0.142637092,0,0.719312565,"Africa"
"Brazil",2015,2.347365731,9,5.138,0.164510166,0.071515089,0.231759851,"South America"
"Brazil",2016,2.143497524,8.7,7.158,0.163585952,0.065277446,0.323357366,"South America"
"Brazil",2014,2.499362016,6.3,3.886,0.156192237,0.076165636,0.17498753,"South America"
"Brazil",2018,2.041874199,3.7,7.714,0.148182378,0.062168134,0.348569356,"South America"
"Brazil",2019,0.01,3.7,7.228,0.148182378,0,0.326531538,"South America"
"Brazil",2017,2.164421504,3.4,8.15,0.147258164,0.065917646,0.368339908,"South America"
"Brazil",2020,0.01,3.2,8.836,0.146642021,0,0.399446787,"South America"
"Brunei",2020,0.01,1.9,3.997,0.142637092,0,0.180020859,"Asia"
"Brunei",2018,16.64490862,1,4.363,0.139864449,0.508969119,0.19661724,"Asia"
"Brunei",2014,17.00920986,-0.2,3.39,0.136167591,0.520115443,0.152496259,"Asia"
"Brunei",2016,15.26950316,-0.3,4.934,0.135859519,0.466886597,0.222509409,"Asia"
"Brunei",2019,0.01,-0.4,3.89,0.135551448,0,0.175168911,"Asia"
"Brunei",2015,14.41262527,-0.5,4.16,0.135243376,0.440669177,0.187412143,"Asia"
"Brunei",2017,15.80753909,-1.3,5.707,0.132778805,0.483348585,0.25756133,"Asia"
"Bulgaria",2018,5.854773434,2.6,5.296,0.144793592,0.178829307,0.238924409,"Europe"
"Bulgaria",2019,0.01,2.5,4.299,0.144485521,0,0.193715141,"Europe"
"Bulgaria",2017,6.223901903,1.2,5.936,0.140480591,0.190123327,0.267945404,"Europe"
"Bulgaria",2020,0.01,1.2,4.994,0.140480591,0,0.225230127,"Europe"
"Bulgaria",2015,6.225976043,-1.1,9.032,0.133394948,0.190186788,0.408334467,"Europe"
"Bulgaria",2016,5.855926256,-1.3,7.555,0.132778805,0.178864579,0.341359452,"Europe"
"Bulgaria",2014,5.845841977,-1.6,11.512,0.13185459,0.178556036,0.520790822,"Europe"
"Burkina Faso",2018,0.216186485,2,3.548,0.142945163,0.006308574,0.159660817,"Africa"
"Burkina Faso",2020,0.01,1.9,4.021,0.142637092,0,0.181109146,"Africa"
"Burkina Faso",2015,0.187735194,1.7,3.344,0.142020949,0.005438066,0.150410375,"Africa"
"Burkina Faso",2017,0.212053871,1.5,3.536,0.141404806,0.006182131,0.159116673,"Africa"
"Burkina Faso",2016,0.187704296,0.4,3.482,0.13801602,0.00543712,0.156668027,"Africa"
"Burkina Faso",2014,0.171727227,-0.3,3.089,0.135859519,0.004948279,0.138847322,"Africa"
"Burkina Faso",2019,0.01,-3.2,3.57,0.126925447,0,0.160658414,"Africa"
"Burundi",2017,0.052646114,16.6,1.077,0.187923598,0.00130482,0.04761257,"Africa"
"Burundi",2020,0.01,7.3,0.793,0.159272951,0,0.034734503,"Africa"
"Burundi",2015,0.040354196,5.6,1.38,0.154035736,0.000928731,0.061352197,"Africa"
"Burundi",2016,0.043859641,5.5,1.221,0.153727665,0.001035985,0.054142294,"Africa"
"Burundi",2014,0.03961683,4.4,1.435,0.150338879,0.00090617,0.063846189,"Africa"
"Burundi",2019,0.01,-0.7,0.794,0.134627234,0,0.034779849,"Africa"
"Burundi",2018,0.05279463,-2.8,0.934,0.128157733,0.001309364,0.041128191,"Africa"
"Cabo Verde",2018,1.140200528,1.3,10.393,0.140788663,0.034580122,0.470049426,"Africa"
"Cabo Verde",2019,0.01,1.1,10.452,0.14017252,0,0.472724799,"Africa"
"Cabo Verde",2017,1.097676461,0.8,8.285,0.139248306,0.033279036,0.374461525,"Africa"
"Cabo Verde",2020,0.01,0.6,12.911,0.138632163,0,0.584228903,"Africa"
"Cabo Verde",2015,0.952852841,0.1,8.085,0.137091805,0.028847948,0.365392464,"Africa"
"Cabo Verde",2014,0.964736936,-0.2,7.929,0.136167591,0.029211559,0.358318596,"Africa"
"Cabo Verde",2016,1.035508529,-1.4,8.171,0.132470733,0.031376919,0.36929216,"Africa"
"Cambodia",2014,0.434056591,3.9,0.559,0.148798521,0.012974625,0.024123702,"Asia"
"Cambodia",2016,0.627921978,3,0.464,0.146025878,0.018906218,0.019815898,"Asia"
"Cambodia",2017,0.710207176,2.9,0.059,0.145717807,0.021423853,0.00145105,"Asia"
"Cambodia",2020,0.01,2.9,0.069,0.145717807,0,0.001904503,"Asia"
"Cambodia",2018,0.686777895,2.5,0.048,0.144485521,0.020707,0.000952251,"Asia"
"Cambodia",2019,0.01,1.9,0.036,0.142637092,0,0.000408108,"Asia"
"Cambodia",2015,0.55278394,1.2,0.269,0.140480591,0.016607261,0.010973564,"Asia"
"Cameroon",2015,0.343800787,2.7,2.216,0.145101664,0.010213118,0.099260872,"Africa"
"Cameroon",2019,0.01,2.5,2.376,0.144485521,0,0.10651612,"Africa"
"Cameroon",2020,0.01,2.5,2.686,0.144485521,0,0.120573165,"Africa"
"Cameroon",2014,0.341682842,1.9,2.227,0.142637092,0.010148317,0.09975967,"Africa"
"Cameroon",2018,0.341842908,1.1,2.342,0.14017252,0.010153214,0.10497438,"Africa"
"Cameroon",2016,0.357343635,0.9,2.236,0.139556377,0.010627482,0.100167778,"Africa"
"Cameroon",2017,0.338678511,0.6,2.294,0.138632163,0.010056395,0.102797805,"Africa"
"Canada",2018,15.49702527,2.3,5.165,0.143869378,0.473847965,0.232984174,"North America"
"Canada",2014,15.85413843,1.9,6.236,0.142637092,0.484774359,0.281548996,"North America"
"Canada",2019,0.01,1.9,5.097,0.142637092,0,0.229900694,"North America"
"Canada",2017,15.38529105,1.6,5.906,0.141712877,0.470429295,0.266585045,"North America"
"Canada",2016,15.24474718,1.4,6.627,0.141096734,0.466129152,0.29927901,"North America"
"Canada",2015,15.65138616,1.1,6.324,0.14017252,0.47857086,0.285539382,"North America"
"Canada",2020,0.01,0.7,8.072,0.138940234,0,0.364802975,"North America"
"Central African Republic",2014,0.067201727,17.8,3.406,0.191620456,0.00175017,0.153221784,"Africa"
"Central African Republic",2016,0.068316804,4.9,3.626,0.151879236,0.001784287,0.163197751,"Africa"
"Central African Republic",2017,0.067449619,4.2,3.681,0.149722736,0.001757754,0.165691743,"Africa"
"Central African Republic",2019,0.01,2.8,3.706,0.145409735,0,0.166825375,"Africa"
"Central African Republic",2018,0.070718706,1.6,3.667,0.141712877,0.001857777,0.165056908,"Africa"
"Central African Republic",2015,0.06899359,1.4,3.555,0.141096734,0.001804994,0.159978234,"Africa"
"Central African Republic",2020,0.01,0.9,4.08,0.139556377,0,0.183784519,"Africa"
"Chad",2015,0.06874084,4.8,0.894,0.151571165,0.001797261,0.039314379,"Africa"
"Chad",2020,0.01,4.5,2.034,0.15064695,0,0.091008026,"Africa"
"Chad",2018,0.069131598,4,1.162,0.149106593,0.001809217,0.051466921,"Africa"
"Chad",2014,0.068796116,1.7,0.838,0.142020949,0.001798952,0.036775042,"Africa"
"Chad",2017,0.067924102,-0.9,1.144,0.134011091,0.001772272,0.050650705,"Africa"
"Chad",2019,0.01,-1,1.051,0.133703019,0,0.046433592,"Africa"
"Chad",2016,0.070046969,-1.6,1.019,0.13185459,0.001837224,0.044982542,"Africa"
"Chile",2014,4.301488448,4.7,5.174,0.151263093,0.131304304,0.233392282,"South America"
"Chile",2015,4.561654853,4.3,4.961,0.150030807,0.139264472,0.223733732,"South America"
"Chile",2016,4.73170736,3.8,5.344,0.14849045,0.144467474,0.241100984,"South America"
"Chile",2020,0.01,3,9.691,0.146025878,0,0.438217023,"South America"
"Chile",2018,4.624872245,2.3,5.602,0.143869378,0.141198699,0.252800073,"South America"
"Chile",2017,4.712395783,2.2,5.522,0.143561306,0.143876609,0.249172448,"South America"
"Chile",2019,0.01,2.2,5.545,0.143561306,0,0.25021539,"South America"
"China",2019,0.01,2.9,4.264,0.145717807,0,0.192128055,"Asia"
"China",2020,0.01,2.5,4.61,0.144485521,0,0.20781753,"Asia"
"China",2014,7.212791393,2.1,4.167,0.143253235,0.220379833,0.187729561,"Asia"
"China",2016,7.071898486,2.1,4.189,0.143253235,0.216069011,0.188727157,"Asia"
"China",2018,7.352262682,1.9,4.064,0.142637092,0.224647159,0.183058994,"Asia"
"China",2015,7.124222747,1.5,4.233,0.141404806,0.217669947,0.190722351,"Asia"
"China",2017,7.174947984,1.5,4.132,0.141404806,0.219221959,0.186142475,"Asia"
"Colombia",2016,1.738659399,7.5,5.458,0.159889094,0.052890838,0.246270349,"South America"
"Colombia",2015,1.705152834,5,5.216,0.152187307,0.051865656,0.235296785,"South America"
"Colombia",2017,1.555106166,4.3,5.616,0.150030807,0.047274761,0.253434907,"South America"
"Colombia",2019,0.01,3.5,6.617,0.147566235,0,0.298825557,"South America"
"Colombia",2018,1.600650618,3.2,5.797,0.146642021,0.048668259,0.261642407,"South America"
"Colombia",2014,1.699465586,2.9,5.221,0.145717807,0.051691646,0.235523512,"South America"
"Colombia",2020,0.01,2.5,11.099,0.144485521,0,0.502063211,"South America"
"Comoros",2019,0.01,3.7,4.067,0.148182378,0,0.18319503,"Africa"
"Comoros",2018,0.312379103,1.7,3.962,0.142020949,0.009251727,0.178433773,"Africa"
"Comoros",2015,0.23153061,0.9,3.912,0.139556377,0.00677805,0.176166508,"Africa"
"Comoros",2016,0.251383552,0.8,3.993,0.139248306,0.007385479,0.179839478,"Africa"
"Comoros",2020,0.01,0.8,4.901,0.139248306,0,0.221013014,"Africa"
"Comoros",2017,0.307166816,0.1,3.987,0.137091805,0.009092249,0.179567406,"Africa"
"Comoros",2014,0.210695427,0,3.803,0.136783734,0.006140567,0.17122387,"Africa"
"Congo (Kinshasa)",2017,0.630050555,35.7,14.147,0.24676525,0.018971345,0.640275699,"Africa"
"Congo (Kinshasa)",2018,0.613992586,29.3,14.219,0.227048675,0.018480028,0.643540561,"Africa"
"Congo (Kinshasa)",2020,0.01,11.4,15.32,0.171903882,0,0.693465742,"Africa"
"Congo (Kinshasa)",2019,0.01,4.7,13.884,0.151263093,0,0.628349884,"Africa"
"Congo (Kinshasa)",2016,0.672556252,3.2,13.75,0.146642021,0.020271868,0.622273614,"Africa"
"Congo (Kinshasa)",2014,0.861310987,1.2,12.935,0.140480591,0.026047092,0.58531719,"Africa"
"Congo (Kinshasa)",2015,0.70838841,0.7,13.387,0.138940234,0.021368205,0.605813268,"Africa"
"Costa Rica",2014,1.632818186,4.5,4.411,0.15064695,0.049652472,0.198793815,"North America"
"Costa Rica",2018,1.652184053,2.2,5.045,0.143561306,0.050244999,0.227542738,"North America"
"Costa Rica",2019,0.01,2.1,5.439,0.143253235,0,0.245408788,"North America"
"Costa Rica",2017,1.652540276,1.6,4.511,0.141712877,0.050255898,0.203328345,"North America"
"Costa Rica",2015,1.555343088,0.8,4.823,0.139248306,0.04728201,0.21747608,"North America"
"Costa Rica",2020,0.01,0.7,10.022,0.138940234,0,0.453226318,"North America"
"Costa Rica",2016,1.649203076,0,4.798,0.136783734,0.050153792,0.216342448,"North America"
"Croatia",2018,4.055928762,1.6,6.455,0.141712877,0.123791049,0.291479617,"Europe"
"Croatia",2017,4.238057612,1.3,8.827,0.140788663,0.129363545,0.39903868,"Europe"
"Croatia",2019,0.01,0.8,5.316,0.139248306,0,0.239831315,"Europe"
"Croatia",2014,3.855238394,0.2,13.466,0.137399877,0.117650637,0.609395547,"Europe"
"Croatia",2020,0.01,0,6.336,0.136783734,0,0.286083526,"Europe"
"Croatia",2015,3.968023629,-0.3,12.915,0.135859519,0.121101465,0.584410284,"Europe"
"Croatia",2016,4.058117805,-0.6,10.371,0.134935305,0.123858026,0.46905183,"Europe"
"Cuba",2020,0.01,2.4,1.078,0.144177449,0,0.047657915,"North America"
"Cuba",2015,2.427420867,1.2,1.774,0.140480591,0.073964492,0.079218247,"North America"
"Cuba",2019,0.01,0.8,0.946,0.139248306,0,0.041672335,"North America"
"Cuba",2016,2.509901097,0.6,1.473,0.138632163,0.076488094,0.06556931,"North America"
"Cuba",2017,2.262053371,0.6,1.361,0.138632163,0.068904834,0.060490636,"North America"
"Cuba",2018,2.202300094,0.6,1.277,0.138632163,0.067076596,0.056681631,"North America"
"Cuba",2014,2.377307538,0.5,1.876,0.138324091,0.072431202,0.083843468,"North America"
"Cyprus",2018,6.079400502,0.8,6.706,0.139248306,0.185702098,0.302861289,"Europe"
"Cyprus",2017,6.188092584,0.7,9.678,0.138940234,0.189027689,0.437627534,"Europe"
"Cyprus",2019,0.01,0.6,5.301,0.138632163,0,0.239151136,"Europe"
"Cyprus",2014,5.857864769,-0.3,14.852,0.135859519,0.178923891,0.672244139,"Europe"
"Cyprus",2020,0.01,-1.1,6.343,0.133394948,0,0.286400943,"Europe"
"Cyprus",2016,6.110124091,-1.2,11.447,0.133086876,0.18664213,0.517843377,"Europe"
"Cyprus",2015,5.839858672,-1.5,13.217,0.132162662,0.178372968,0.598104566,"Europe"
"Czechia",2020,0.01,3.2,1.941,0.146642021,0,0.086790913,"Europe"
"Czechia",2019,0.01,2.8,1.51,0.145409735,0,0.067247087,"Europe"
"Czechia",2017,9.761725917,2.5,1.997,0.144485521,0.298368176,0.08933025,"Europe"
"Czechia",2018,9.640704998,2.1,1.51,0.143253235,0.294665366,0.067247087,"Europe"
"Czechia",2016,9.734693175,0.7,2.907,0.138940234,0.29754107,0.130594477,"Europe"
"Czechia",2014,9.477122227,0.3,4.323,0.137707948,0.289660314,0.194803428,"Europe"
"Czechia",2015,9.575140818,0.3,3.703,0.137707948,0.292659335,0.166689339,"Europe"
"Denmark",2017,5.78145978,1.1,4.421,0.14017252,0.17658617,0.199247268,"Europe"
"Denmark",2018,5.761494164,0.7,3.817,0.138940234,0.175975293,0.171858704,"Europe"
"Denmark",2019,0.01,0.7,3.891,0.138940234,0,0.175214257,"Europe"
"Denmark",2014,6.336521381,0.4,5.284,0.13801602,0.193569083,0.238380266,"Europe"
"Denmark",2020,0.01,0.3,4.178,0.137707948,0,0.188228359,"Europe"
"Denmark",2015,5.911867775,0.2,4.893,0.137399877,0.180576191,0.220650252,"Europe"
"Denmark",2016,6.176665194,0,4.352,0.136783734,0.188678052,0.196118442,"Europe"
"Djibouti",2019,0.01,3.3,15.916,0.146950092,0,0.720491543,"Africa"
"Djibouti",2016,0.52738245,2.7,15.497,0.145101664,0.015830065,0.701491861,"Africa"
"Djibouti",2020,0.01,1.8,17.051,0.14232902,0,0.771958464,"Africa"
"Djibouti",2014,0.511846464,1.3,15.562,0.140788663,0.015354719,0.704439305,"Africa"
"Djibouti",2017,0.49782862,0.6,15.62,0.138632163,0.014925823,0.707069333,"Africa"
"Djibouti",2018,0.510989933,0.1,15.791,0.137091805,0.015328512,0.71482338,"Africa"
"Djibouti",2015,0.590810921,-0.8,15.532,0.134319162,0.017770751,0.703078946,"Africa"
"Dominican Republic",2020,0.01,3.8,2.713,0.14849045,0,0.121797488,"North America"
"Dominican Republic",2018,2.363757648,3.6,2.212,0.147874307,0.072016624,0.09907949,"North America"
"Dominican Republic",2017,2.224840963,3.3,3.03,0.146950092,0.067766267,0.136171949,"North America"
"Dominican Republic",2014,2.097355463,3,3.806,0.146025878,0.063865663,0.171359906,"North America"
"Dominican Republic",2019,0.01,1.8,2.311,0.14232902,0,0.103568675,"North America"
"Dominican Republic",2016,2.352434731,1.6,3.393,0.141712877,0.071670183,0.152632295,"North America"
"Dominican Republic",2015,2.280756783,0.8,3.858,0.139248306,0.069477092,0.173717862,"North America"
"Ecuador",2015,2.511716305,4,2.119,0.149106593,0.076543633,0.094862377,"South America"
"Ecuador",2014,2.582775445,3.6,2.093,0.147874307,0.07871779,0.093683399,"South America"
"Ecuador",2016,2.365516075,1.7,2.794,0.142020949,0.072070425,0.125470458,"South America"
"Ecuador",2017,2.249579931,0.4,2.302,0.13801602,0.068523191,0.103160568,"South America"
"Ecuador",2019,0.01,0.3,2.511,0.137707948,0,0.112637736,"South America"
"Ecuador",2018,2.3138123,-0.2,2.183,0.136167591,0.070488474,0.097764476,"South America"
"Ecuador",2020,0.01,-0.3,4.603,0.135859519,0,0.207500113,"South America"
"Egypt",2017,2.474943902,23.5,4.44,0.20918053,0.075418528,0.200108829,"Africa"
"Egypt",2018,2.502042142,20.9,4.932,0.201170672,0.076247638,0.222418719,"Africa"
"Egypt",2019,0.01,13.9,3.455,0.179605669,0,0.155443704,"Africa"
"Egypt",2015,2.444220788,11,4.975,0.170671596,0.07447851,0.224368567,"Africa"
"Egypt",2016,2.477154638,10.2,4.696,0.168207024,0.075486169,0.211717227,"Africa"
"Egypt",2014,2.395917008,10.1,5.778,0.167898953,0.073000586,0.260780846,"Africa"
"Egypt",2020,0.01,5.7,4.738,0.154343808,0,0.213621729,"Africa"
"El Salvador",2014,1.046841968,1.1,3.232,0.14017252,0.031723681,0.145331701,"North America"
"El Salvador",2018,1.060625411,1.1,2.978,0.14017252,0.032145406,0.133813994,"North America"
"El Salvador",2017,0.998728265,1,3.389,0.139864449,0.030251573,0.152450914,"North America"
"El Salvador",2016,1.128043653,0.6,3.371,0.138632163,0.034208165,0.151634698,"North America"
"El Salvador",2019,0.01,0.1,2.809,0.137091805,0,0.126150637,"North America"
"El Salvador",2020,0.01,-0.4,3.415,0.135551448,0,0.153629892,"North America"
"El Salvador",2015,1.106698196,-0.7,3.162,0.134627234,0.033555069,0.14215753,"North America"
"Equatorial Guinea",2020,0.01,4.8,7.174,0.151571165,0,0.324082891,"Africa"
"Equatorial Guinea",2014,7.20858472,4.3,6.006,0.150030807,0.220251124,0.271119576,"Africa"
"Equatorial Guinea",2015,6.110005776,1.7,6.193,0.142020949,0.18663851,0.279599148,"Africa"
"Equatorial Guinea",2016,4.608366984,1.4,6.335,0.141096734,0.140693697,0.286038181,"Africa"
"Equatorial Guinea",2018,5.095625096,1.3,6.473,0.140788663,0.155602064,0.292295833,"Africa"
"Equatorial Guinea",2019,0.01,1.2,6.557,0.140480591,0,0.296104838,"Africa"
"Equatorial Guinea",2017,4.461144462,0.7,6.472,0.138940234,0.136189211,0.292250487,"Africa"
"Eritrea",2015,0.194446721,28.5,3.356,0.224584104,0.005643415,0.150954519,"Africa"
"Eritrea",2014,0.205348482,8.4,3.23,0.162661738,0.00597697,0.14524101,"Africa"
"Eritrea",2019,0.01,1.3,3.406,0.140788663,0,0.153221784,"Africa"
"Eritrea",2020,0.01,0,3.72,0.136783734,0,0.167460209,"Africa"
"Eritrea",2016,0.195465323,-5.6,3.433,0.119531731,0.00567458,0.154446107,"Africa"
"Eritrea",2017,0.210964653,-13.3,3.476,0.095810228,0.006148805,0.156395955,"Africa"
"Eritrea",2018,0.231696216,-14.4,3.418,0.092421442,0.006783117,0.153765928,"Africa"
"Estonia",2017,12.35782429,3.7,5.433,0.148182378,0.377799565,0.245136716,"Europe"
"Estonia",2018,12.103085,3.4,4.754,0.147258164,0.370005448,0.214347254,"Europe"
"Estonia",2019,0.01,2.3,3.505,0.143869378,0,0.157710969,"Europe"
"Estonia",2016,11.89399524,0.8,6.613,0.139248306,0.363608044,0.298644175,"Europe"
"Estonia",2014,13.55602128,0.5,6.78,0.138324091,0.414460137,0.306216841,"Europe"
"Estonia",2015,11.68459648,0.1,5.484,0.137091805,0.357201185,0.247449327,"Europe"
"Estonia",2020,0.01,-0.6,6.07,0.134935305,0,0.274021675,"Europe"
"Eswatini",2016,1.104135211,7.8,16.843,0.160813309,0.033476651,0.76252664,"Africa"
"Eswatini",2017,0.924602243,6.2,16.934,0.155884165,0.02798358,0.766653063,"Africa"
"Eswatini",2014,0.876694715,5.7,17.062,0.154343808,0.02651778,0.772457262,"Africa"
"Eswatini",2015,0.932938902,5,16.95,0.152187307,0.028238652,0.767378588,"Africa"
"Eswatini",2018,0.959275668,4.8,17.061,0.151571165,0.029044464,0.772411917,"Africa"
"Eswatini",2020,0.01,3.9,19.1,0.148798521,0,0.864870993,"Africa"
"Eswatini",2019,0.01,2.6,17.111,0.144793592,0,0.774679182,"Africa"
"Ethiopia",2020,0.01,20.4,2.225,0.199630314,0,0.099668979,"Africa"
"Ethiopia",2019,0.01,15.8,1.428,0.185459026,0,0.063528772,"Africa"
"Ethiopia",2018,0.149050931,13.8,1.383,0.179297597,0.004254465,0.061488233,"Africa"
"Ethiopia",2017,0.145300853,10.7,1.313,0.169747381,0.004139726,0.058314062,"Africa"
"Ethiopia",2015,0.127732852,9.6,1.236,0.166358595,0.003602207,0.054822473,"Africa"
"Ethiopia",2014,0.125695423,7.4,1.224,0.159581023,0.003539869,0.054278329,"Africa"
"Ethiopia",2016,0.144300199,6.6,1.276,0.157116451,0.004109109,0.056636285,"Africa"
"Fiji",2018,2.150561976,4.1,2.153,0.149414664,0.065493593,0.096404117,"Oceania"
"Fiji",2016,1.99448422,3.9,2.107,0.148798521,0.060718168,0.094318233,"Oceania"
"Fiji",2017,2.062772092,3.3,2.13,0.146950092,0.062807535,0.095361175,"Oceania"
"Fiji",2019,0.01,1.8,2.187,0.14232902,0,0.097945858,"Oceania"
"Fiji",2015,1.738365614,1.4,2.231,0.141096734,0.052881849,0.099941051,"Oceania"
"Fiji",2014,1.511921676,0.5,2.4,0.138324091,0.045953469,0.107604408,"Oceania"
"Fiji",2020,0.01,-2.6,2.452,0.128773876,0,0.109962363,"Oceania"
"Finland",2014,8.451871936,1.2,7.469,0.140480591,0.258291297,0.337459756,"Europe"
"Finland",2018,8.04275205,1.2,6.161,0.140480591,0.245773681,0.278148098,"Europe"
"Finland",2019,0.01,1.1,5.643,0.14017252,0,0.25465923,"Europe"
"Finland",2017,7.808338601,0.8,7.261,0.139248306,0.238601462,0.328027933,"Europe"
"Finland",2016,8.318012674,0.4,7.347,0.13801602,0.254195679,0.331927629,"Europe"
"Finland",2020,0.01,0.4,6.065,0.13801602,0,0.273794949,"Europe"
"Finland",2015,7.814537412,-0.2,7.804,0.136167591,0.238791124,0.352650433,"Europe"
"France",2018,4.619241205,2.1,7.579,0.143253235,0.141026409,0.34244774,"Europe"
"France",2019,0.01,1.3,7.143,0.140788663,0,0.322677187,"Europe"
"France",2017,4.727575622,1.2,7.965,0.140480591,0.144341058,0.359951027,"Europe"
"France",2014,4.592376829,0.6,8.944,0.138632163,0.140204455,0.40434408,"Europe"
"France",2020,0.01,0.5,6.783,0.138324091,0,0.306352877,"Europe"
"France",2016,4.686612202,0.3,8.703,0.137707948,0.143087723,0.393415862,"Europe"
"France",2015,4.666086597,0.1,9.161,0.137091805,0.142459712,0.414184011,"Europe"
"Gabon",2018,2.175272204,4.8,12.936,0.151571165,0.066249639,0.585362536,"Africa"
"Gabon",2014,2.919628984,4.5,12.316,0.15064695,0.089024312,0.557248447,"Africa"
"Gabon",2017,2.276236287,2.7,12.785,0.145101664,0.069338781,0.578515395,"Africa"
"Gabon",2016,2.843792613,2.1,12.596,0.143253235,0.086703989,0.569945132,"Africa"
"Gabon",2019,0.01,2,12.873,0.142945163,0,0.582505782,"Africa"
"Gabon",2020,0.01,1.7,13.736,0.142020949,0,0.621638779,"Africa"
"Gabon",2015,2.813589432,-0.1,12.417,0.136475662,0.085779879,0.561828323,"Africa"
"Gambia",2017,0.243913456,8,4.514,0.161429452,0.007156921,0.203464381,"Africa"
"Gambia",2016,0.246610961,7.2,5.055,0.15896488,0.007239455,0.227996191,"Africa"
"Gambia",2019,0.01,7.1,3.997,0.158656808,0,0.180020859,"Africa"
"Gambia",2015,0.254091837,6.8,5.376,0.157732594,0.007468343,0.242552034,"Africa"
"Gambia",2018,0.249989913,6.5,4.101,0.15680838,0.007342839,0.184736771,"Africa"
"Gambia",2014,0.2569123,6.3,5.686,0.156192237,0.007554639,0.256609078,"Africa"
"Gambia",2020,0.01,5.9,4.849,0.154959951,0,0.218655058,"Africa"
"Georgia",2017,2.583151735,6,13.603,0.155268022,0.078729304,0.615607854,"Europe"
"Georgia",2020,0.01,5.2,11.059,0.15280345,0,0.500249399,"Europe"
"Georgia",2019,0.01,4.9,10.983,0.151879236,0,0.496803156,"Europe"
"Georgia",2015,2.469615674,4,16.599,0.149106593,0.075255503,0.751462386,"Europe"
"Georgia",2014,2.277240447,3.1,16.987,0.146333949,0.069369505,0.769056364,"Europe"
"Georgia",2018,2.538541691,2.6,12.426,0.144793592,0.077364395,0.56223643,"Europe"
"Georgia",2016,2.58886306,2.1,17.817,0.143253235,0.07890405,0.806692967,"Europe"
"Germany",2018,8.558389812,1.9,3.421,0.142637092,0.261550365,0.153901963,"Europe"
"Germany",2017,8.858293699,1.7,3.744,0.142020949,0.270726359,0.168548497,"Europe"
"Germany",2019,0.01,1.4,3.142,0.141096734,0,0.141250623,"Europe"
"Germany",2014,9.10678233,0.8,4.925,0.139248306,0.278329229,0.222101301,"Europe"
"Germany",2015,9.087290939,0.7,4.643,0.138940234,0.277732861,0.209313926,"Europe"
"Germany",2016,9.073006389,0.4,4.076,0.13801602,0.277295805,0.183603138,"Europe"
"Germany",2020,0.01,0.4,3.847,0.13801602,0,0.173219063,"Europe"
"Ghana",2016,0.495401526,17.5,3.994,0.190696242,0.014851563,0.179884823,"Africa"
"Ghana",2015,0.543283052,17.2,5.105,0.189772027,0.016316567,0.230263456,"Africa"
"Ghana",2014,0.527833773,15.5,3.118,0.184534812,0.015843874,0.140162336,"Africa"
"Ghana",2017,0.507529429,12.4,2.493,0.174984596,0.015222633,0.111821521,"Africa"
"Ghana",2020,0.01,9.9,2.573,0.16728281,0,0.115449145,"Africa"
"Ghana",2018,0.541201382,9.8,2.395,0.166974738,0.016252876,0.107377681,"Africa"
"Ghana",2019,0.01,7.1,2.325,0.158656808,0,0.10420351,"Africa"
"Greece",2017,6.211250006,1.1,16.412,0.14017252,0.189736224,0.742982814,"Europe"
"Greece",2018,6.08317505,0.8,14.02,0.139248306,0.185817585,0.634516846,"Europe"
"Greece",2019,0.01,0.5,12.649,0.138324091,0,0.572348433,"Europe"
"Greece",2016,6.203617289,0,18.336,0.136783734,0.18950269,0.83022718,"Europe"
"Greece",2015,6.285069342,-1.1,20.221,0.133394948,0.191994834,0.915703079,"Europe"
"Greece",2020,0.01,-1.3,12.277,0.132778805,0,0.55547998,"Europe"
"Greece",2014,6.385178381,-1.4,22.08,0.132470733,0.195057815,1,"Europe"
"Guatemala",2016,1.103130021,4.4,1.159,0.150338879,0.033445896,0.051330885,"North America"
"Guatemala",2017,1.026267857,4.4,1.195,0.150338879,0.031094187,0.052963316,"North America"
"Guatemala",2018,1.113969273,3.8,1.305,0.14849045,0.033777539,0.057951299,"North America"
"Guatemala",2019,0.01,3.7,0.986,0.148182378,0,0.043486147,"North America"
"Guatemala",2014,0.911388475,3.4,1.443,0.147258164,0.027579286,0.064208951,"North America"
"Guatemala",2020,0.01,3.2,1.81,0.146642021,0,0.080850678,"North America"
"Guatemala",2015,1.049628073,2.4,1.209,0.144177449,0.031808926,0.05359815,"North America"
"Guinea",2020,0.01,10.6,5.97,0.16943931,0,0.269487145,"Africa"
"Guinea",2018,0.251323233,9.8,4.476,0.166974738,0.007383634,0.20174126,"Africa"
"Guinea",2014,0.200879385,9.7,5.215,0.166666667,0.005840231,0.23525144,"Africa"
"Guinea",2019,0.01,9.5,4.777,0.166050524,0,0.215390196,"Africa"
"Guinea",2017,0.246115273,8.9,4.588,0.164202095,0.007224289,0.206819934,"Africa"
"Guinea",2015,0.222181479,8.2,5.371,0.162045595,0.006492,0.242325307,"Africa"
"Guinea",2016,0.241088377,8.2,4.946,0.162045595,0.007070484,0.223053553,"Africa"
"Guinea-Bissau",2016,0.168309177,2.7,3.495,0.145101664,0.004843699,0.157257516,"Africa"
"Guinea-Bissau",2015,0.161178259,1.5,3.557,0.141404806,0.004625518,0.160068925,"Africa"
"Guinea-Bissau",2020,0.01,1.5,4.215,0.141404806,0,0.189906135,"Africa"
"Guinea-Bissau",2018,0.165394728,0.4,3.497,0.13801602,0.004754527,0.157348207,"Africa"
"Guinea-Bissau",2019,0.01,0.3,3.537,0.137707948,0,0.159162019,"Africa"
"Guinea-Bissau",2017,0.164100679,-0.2,3.395,0.136167591,0.004714933,0.152722986,"Africa"
"Guinea-Bissau",2014,0.165442295,-1,3.728,0.133703019,0.004755982,0.167822972,"Africa"
"Guyana",2019,0.01,2.1,9.294,0.143253235,0,0.420214937,"South America"
"Guyana",2017,2.992706568,1.9,9.423,0.142637092,0.091260227,0.426064481,"South America"
"Guyana",2018,3.13219265,1.3,9.635,0.140788663,0.095528005,0.435677686,"South America"
"Guyana",2020,0.01,1.2,11.187,0.140480591,0,0.506053598,"South America"
"Guyana",2016,2.994698994,0.8,9.173,0.139248306,0.091321188,0.414728155,"South America"
"Guyana",2014,2.698556796,0.7,8.553,0.138940234,0.082260289,0.386614066,"South America"
"Guyana",2015,2.671242962,-0.9,8.899,0.134011091,0.081424582,0.402303541,"South America"
"Haiti",2020,0.01,22.9,9.244,0.207332101,0,0.417947672,"North America"
"Haiti",2019,0.01,17.3,8.016,0.190080099,0,0.362263638,"North America"
"Haiti",2016,0.313653831,11.4,7.838,0.171903882,0.009290729,0.354192173,"North America"
"Haiti",2018,0.299374738,11.4,7.899,0.171903882,0.008853839,0.356958237,"North America"
"Haiti",2017,0.306855526,10.6,7.842,0.16943931,0.009082725,0.354373555,"North America"
"Haiti",2015,0.31040976,5.3,7.722,0.153111522,0.009191472,0.348932118,"North America"
"Haiti",2014,0.290074696,3.2,7.765,0.146642021,0.008569291,0.350881966,"North America"
"Honduras",2014,1.056324778,6.1,4.355,0.155576094,0.032013822,0.196254478,"North America"
"Honduras",2019,0.01,4.4,3.003,0.150338879,0,0.134947626,"North America"
"Honduras",2018,1.019032757,4.3,3.473,0.150030807,0.030872818,0.156259919,"North America"
"Honduras",2017,0.954500448,3.9,2.812,0.148798521,0.028898359,0.126286673,"North America"
"Honduras",2020,0.01,3.5,7.656,0.147566235,0,0.345939328,"North America"
"Honduras",2015,1.083079554,3.2,3.618,0.146642021,0.032832423,0.162834988,"North America"
"Honduras",2016,1.013936886,2.7,4.226,0.145101664,0.030716903,0.190404934,"North America"
"Hungary",2019,0.01,3.4,2.652,0.147258164,0,0.119031424,"Europe"
"Hungary",2020,0.01,3.3,3.466,0.146950092,0,0.155942502,"Europe"
"Hungary",2018,4.745506244,2.8,2.946,0.145409735,0.144889671,0.132362944,"Europe"
"Hungary",2017,4.755839977,2.4,3.311,0.144177449,0.145205847,0.14891398,"Europe"
"Hungary",2016,4.532290173,0.4,4.429,0.13801602,0.138366017,0.19961003,"Europe"
"Hungary",2015,4.407180392,-0.1,5.605,0.136475662,0.134538102,0.252936108,"Europe"
"Hungary",2014,4.117988322,-0.2,6.493,0.136167591,0.125689852,0.293202739,"Europe"
"Iceland",2019,0.01,3,2.431,0.146025878,0,0.109010112,"Europe"
"Iceland",2020,0.01,2.8,4.745,0.145409735,0,0.213939147,"Europe"
"Iceland",2018,6.237224322,2.7,2.146,0.145101664,0.190530946,0.0960867,"Europe"
"Iceland",2014,6.261721637,2,3.353,0.142945163,0.191280477,0.150818483,"Europe"
"Iceland",2017,6.319161328,1.8,1.588,0.14232902,0.193037927,0.07078402,"Europe"
"Iceland",2016,6.171017681,1.7,2.141,0.142020949,0.188505258,0.095859974,"Europe"
"Iceland",2015,6.227045327,1.6,2.49,0.141712877,0.190219505,0.111685485,"Europe"
"India",2020,0.01,6.2,5.431,0.155884165,0,0.245046025,"Asia"
"India",2014,1.649327519,5.8,4.994,0.154651879,0.050157599,0.225230127,"Asia"
"India",2015,1.641198393,4.9,4.803,0.151879236,0.049908877,0.216569174,"Asia"
"India",2019,0.01,4.8,3.819,0.151571165,0,0.171949395,"Asia"
"India",2016,1.648359053,4.5,4.62,0.15064695,0.050127968,0.208270984,"Asia"
"India",2017,1.7191902,3.6,4.446,0.147874307,0.052295149,0.200380901,"Asia"
"India",2018,1.799825446,3.4,4.28,0.147258164,0.054762301,0.19285358,"Asia"
"Indonesia",2014,1.920799967,6.4,1.986,0.156500308,0.058463692,0.088831452,"Asia"
"Indonesia",2015,1.899658692,6.4,2.207,0.156500308,0.057816844,0.098852764,"Asia"
"Indonesia",2017,2.01367107,3.8,2.016,0.14849045,0.061305218,0.090191811,"Asia"
"Indonesia",2016,1.89244089,3.5,2.454,0.147566235,0.057596005,0.110053054,"Asia"
"Indonesia",2018,2.178461553,3.3,2.335,0.146950092,0.066347221,0.104656963,"Asia"
"Indonesia",2019,0.01,2.8,1.944,0.145409735,0,0.086926949,"Asia"
"Indonesia",2020,0.01,2,2.713,0.142945163,0,0.121797488,"Asia"
"Iran",2020,0.01,36.4,7.196,0.24892175,0,0.325080488,"Asia"
"Iran",2019,0.01,34.7,7.591,0.243684535,0,0.342991883,"Asia"
"Iran",2018,7.693012599,30.2,8.881,0.229821319,0.235072896,0.401487326,"Asia"
"Iran",2014,7.88309479,15.6,7.092,0.184842884,0.240888736,0.320364576,"Asia"
"Iran",2015,7.672481325,11.9,7.653,0.173444239,0.234444712,0.345803292,"Asia"
"Iran",2017,7.694930979,9.6,8.563,0.166358595,0.235131592,0.387067519,"Asia"
"Iran",2016,7.613494401,9.1,8.741,0.164818238,0.232639922,0.395138983,"Asia"
"Iraq",2014,4.906435262,2.2,5.46,0.143561306,0.149813527,0.246361039,"Asia"
"Iraq",2015,4.559450509,1.4,5.332,0.141096734,0.139197026,0.24055684,"Asia"
"Iraq",2020,0.01,0.6,8.975,0.138632163,0,0.405749785,"Asia"
"Iraq",2016,4.70764886,0.5,5.058,0.138324091,0.14373137,0.228132227,"Asia"
"Iraq",2018,4.895195361,0.4,7.2,0.13801602,0.149469626,0.325261869,"Asia"
"Iraq",2017,4.641199885,0.2,6.831,0.137399877,0.141698267,0.308529452,"Asia"
"Iraq",2019,0.01,-0.2,7.643,0.136167591,0,0.345349839,"Asia"
"Ireland",2019,0.01,0.9,4.003,0.139556377,0,0.180292931,"Europe"
"Ireland",2018,7.624325193,0.7,4.614,0.138940234,0.232971306,0.207998912,"Europe"
"Ireland",2014,7.632456943,0.3,10.823,0.137707948,0.233220108,0.489547907,"Europe"
"Ireland",2017,7.806734135,0.3,5.929,0.137707948,0.238552371,0.267627987,"Europe"
"Ireland",2015,7.866937107,0,9.037,0.136783734,0.240394369,0.408561193,"Europe"
"Ireland",2016,8.140330807,-0.2,7.542,0.136167591,0.248759245,0.340769963,"Europe"
"Ireland",2020,0.01,-0.5,4.427,0.135243376,0,0.19951934,"Europe"
"Israel",2018,6.976403837,0.8,3.417,0.139248306,0.213147214,0.153720582,"Asia"
"Israel",2019,0.01,0.8,3.205,0.139248306,0,0.144107378,"Asia"
"Israel",2014,7.876383023,0.5,4.938,0.138324091,0.24068338,0.22269079,"Asia"
"Israel",2017,7.579217977,0.2,3.563,0.137399877,0.231591185,0.160340997,"Asia"
"Israel",2016,7.636321086,-0.5,3.918,0.135243376,0.233338337,0.17643858,"Asia"
"Israel",2015,7.892507249,-0.6,4.321,0.134935305,0.241176724,0.194712737,"Asia"
"Israel",2020,0.01,-0.6,3.836,0.134935305,0,0.172720265,"Asia"
"Italy",2017,5.437857549,1.3,8.863,0.140788663,0.166073162,0.400671111,"Europe"
"Italy",2018,5.376374339,1.2,8.405,0.140480591,0.164191994,0.379902961,"Europe"
"Italy",2019,0.01,0.6,7.878,0.138632163,0,0.356005986,"Europe"
"Italy",2014,5.387310957,0.2,9.828,0.137399877,0.164526616,0.444429329,"Europe"
"Italy",2015,5.56325971,0.1,9.479,0.137091805,0.169910023,0.428603818,"Europe"
"Italy",2016,5.498165205,-0.1,9.208,0.136475662,0.167918362,0.416315241,"Europe"
"Italy",2020,0.01,-0.1,7.166,0.136475662,0,0.323720129,"Europe"
"Jamaica",2014,2.573790397,8.3,4.757,0.162353666,0.07844288,0.21448329,"North America"
"Jamaica",2020,0.01,5.2,4.093,0.15280345,0,0.184374008,"North America"
"Jamaica",2017,2.461613887,4.4,3.529,0.150338879,0.075010677,0.158799256,"North America"
"Jamaica",2019,0.01,3.9,2.6,0.148798521,0,0.116673468,"North America"
"Jamaica",2015,2.521597884,3.7,4.455,0.148182378,0.076845974,0.200789008,"North America"
"Jamaica",2018,2.899634155,3.7,2.69,0.148182378,0.088412542,0.120754546,"North America"
"Jamaica",2016,2.666674007,2.3,4.142,0.143869378,0.081284788,0.186595928,"North America"
"Japan",2014,9.584053553,2.8,3.515,0.145409735,0.292932033,0.158164422,"Asia"
"Japan",2018,8.74225771,1,2.535,0.139864449,0.26717607,0.113726024,"Asia"
"Japan",2015,9.292832367,0.8,3.444,0.139248306,0.284021699,0.154944905,"Asia"
"Japan",2017,9.085639143,0.5,2.813,0.138324091,0.277682322,0.126332018,"Asia"
"Japan",2019,0.01,0.5,2.362,0.138324091,0,0.105881286,"Asia"
"Japan",2020,0.01,0,2.849,0.136783734,0,0.127964449,"Asia"
"Japan",2016,9.22394197,-0.1,3.169,0.136475662,0.281913897,0.142474947,"Asia"
"Jordan",2018,2.478595273,4.5,12.24,0.15064695,0.075530247,0.553802204,"Asia"
"Jordan",2017,2.667119021,3.6,11.633,0.147874307,0.081298404,0.526277604,"Asia"
"Jordan",2014,2.869212997,3,5.857,0.146025878,0.087481762,0.264363125,"Asia"
"Jordan",2019,0.01,0.7,11.112,0.138940234,0,0.5026527,"Asia"
"Jordan",2020,0.01,0.4,13.369,0.13801602,0,0.604997053,"Asia"
"Jordan",2016,2.601973606,-0.6,8.189,0.134935305,0.079305186,0.370108375,"Asia"
"Jordan",2015,2.73671831,-1.1,6.505,0.133394948,0.083427895,0.293746883,"Asia"
"Kazakhstan",2016,12.5333995,14.6,4.54,0.181762169,0.383171543,0.204643359,"Asia"
"Kazakhstan",2017,12.50486756,7.4,4.501,0.159581023,0.382298567,0.202874892,"Asia"
"Kazakhstan",2020,0.01,6.8,4.559,0.157732594,0,0.20550492,"Asia"
"Kazakhstan",2014,11.87104447,6.7,4.598,0.157424522,0.362905832,0.207273387,"Asia"
"Kazakhstan",2015,11.77918743,6.7,4.495,0.157424522,0.360095333,0.20260282,"Asia"
"Kazakhstan",2018,12.06196914,6,4.441,0.155268022,0.368747449,0.200154174,"Asia"
"Kazakhstan",2019,0.01,5.2,4.38,0.15280345,0,0.19738811,"Asia"
"Kenya",2017,0.376136379,8,1.989,0.161429452,0.011202473,0.088967487,"Africa"
"Kenya",2014,0.321841108,6.9,1.345,0.158040665,0.00954123,0.059765111,"Africa"
"Kenya",2015,0.356946384,6.6,1.348,0.157116451,0.010615327,0.059901147,"Africa"
"Kenya",2016,0.3826588,6.3,1.347,0.156192237,0.011402036,0.059855802,"Africa"
"Kenya",2020,0.01,5.3,3.294,0.153111522,0,0.14814311,"Africa"
"Kenya",2019,0.01,5.2,3.165,0.15280345,0,0.142293566,"Africa"
"Kenya",2018,0.358028408,4.7,2.585,0.151263093,0.010648433,0.115993289,"Africa"
"Korea, South",2017,12.17536474,1.9,3.432,0.142637092,0.372216951,0.154400762,"Asia"
"Korea, South",2018,12.22459136,1.5,3.601,0.141404806,0.373723111,0.162064118,"Asia"
"Korea, South",2014,11.54755823,1.3,2.828,0.140788663,0.353008302,0.127012198,"Asia"
"Korea, South",2016,12.00324817,1,3.36,0.139864449,0.366950795,0.1511359,"Asia"
"Korea, South",2015,11.88886857,0.7,3.234,0.138940234,0.363451186,0.145422392,"Asia"
"Korea, South",2020,0.01,0.5,3.575,0.138324091,0,0.16088514,"Asia"
"Korea, South",2019,0.01,0.4,3.556,0.13801602,0,0.16002358,"Asia"
"Kuwait",2020,0.01,2.6,1.385,0.144793592,0,0.061578924,"Asia"
"Kuwait",2014,22.64464409,2.1,1.099,0.143253235,0.692539714,0.048610166,"Asia"
"Kuwait",2016,22.71496959,1.9,0.553,0.142637092,0.694691424,0.02385163,"Asia"
"Kuwait",2015,22.9534559,0.6,0.682,0.138632163,0.701988258,0.029701174,"Asia"
"Kuwait",2018,21.62272431,0.6,0.575,0.138632163,0.661272598,0.024849227,"Asia"
"Kuwait",2017,22.11975932,0.4,0.57,0.13801602,0.676480104,0.0246225,"Asia"
"Kuwait",2019,0.01,-1.8,0.593,0.131238447,0,0.025665442,"Asia"
"Kyrgyzstan",2015,1.7240511,3.3,2.617,0.146950092,0.052443876,0.117444339,"Asia"
"Kyrgyzstan",2014,1.663953389,2.9,2.516,0.145717807,0.050605099,0.112864463,"Asia"
"Kyrgyzstan",2016,1.595525948,2.9,2.726,0.145717807,0.048511462,0.122386977,"Asia"
"Kyrgyzstan",2020,0.01,2.1,3.651,0.143253235,0,0.164331383,"Asia"
"Kyrgyzstan",2017,1.506889097,1.6,2.822,0.141712877,0.04579949,0.126740126,"Asia"
"Kyrgyzstan",2019,0.01,1.1,3.181,0.14017252,0,0.14301909,"Asia"
"Kyrgyzstan",2018,1.73973556,0.6,2.908,0.138632163,0.052923764,0.130639822,"Asia"
"Laos",2020,0.01,5.1,3.756,0.152495379,0,0.16909264,"Asia"
"Laos",2014,0.665686411,4.1,1.761,0.149414664,0.020061675,0.078628758,"Asia"
"Laos",2019,0.01,3.3,3.083,0.146950092,0,0.138575251,"Asia"
"Laos",2018,2.660908493,2,2.998,0.142945163,0.081108384,0.1347209,"Asia"
"Laos",2016,2.243695741,1.6,2.535,0.141712877,0.068343156,0.113726024,"Asia"
"Laos",2015,1.284645373,1.3,2.139,0.140788663,0.038999621,0.095769283,"Asia"
"Laos",2017,2.662148349,0.8,2.936,0.139248306,0.081146319,0.131909491,"Asia"
"Latvia",2017,3.665855236,2.9,9.01,0.145717807,0.111856185,0.40733687,"Europe"
"Latvia",2019,0.01,2.7,6.647,0.145101664,0,0.300185916,"Europe"
"Latvia",2018,3.959165078,2.6,8.074,0.144793592,0.120830424,0.364893665,"Europe"
"Latvia",2014,3.651352054,0.7,11.022,0.138940234,0.111412439,0.498571623,"Europe"
"Latvia",2015,3.701592949,0.2,10.372,0.137399877,0.112949632,0.469097175,"Europe"
"Latvia",2016,3.648821125,0.1,9.908,0.137091805,0.111335002,0.448056954,"Europe"
"Latvia",2020,0.01,0.1,8.735,0.137091805,0,0.394866912,"Europe"
"Lebanon",2020,0.01,84.9,8.634,0.398336414,0,0.390287036,"Asia"
"Lebanon",2018,4.039707217,6.1,6.526,0.155576094,0.123294728,0.294699134,"Asia"
"Lebanon",2017,4.293649871,4.5,6.224,0.15064695,0.131064471,0.281004852,"Asia"
"Lebanon",2019,0.01,2.9,6.916,0.145717807,0,0.312383803,"Asia"
"Lebanon",2014,3.983359969,1.1,5.151,0.14017252,0.121570702,0.23234934,"Asia"
"Lebanon",2016,4.141917802,-0.8,5.895,0.134319162,0.126422009,0.266086247,"Asia"
"Lebanon",2015,4.140719561,-3.8,5.527,0.125077018,0.126385347,0.249399175,"Asia"
"Lesotho",2016,1.093954288,6.6,13.545,0.157116451,0.033165151,0.612977826,"Africa"
"Lesotho",2014,1.130442272,5.4,13.402,0.153419593,0.034281554,0.606493448,"Africa"
"Lesotho",2019,0.01,5.2,14.328,0.15280345,0,0.6484832,"Africa"
"Lesotho",2020,0.01,5,15.882,0.152187307,0,0.718949803,"Africa"
"Lesotho",2018,1.218975994,4.8,14.121,0.151571165,0.036990371,0.639096722,"Africa"
"Lesotho",2017,1.166608974,4.4,13.89,0.150338879,0.035388126,0.628621956,"Africa"
"Lesotho",2015,1.083044238,3.2,13.639,0.146642021,0.032831342,0.617240285,"Africa"
"Liberia",2019,0.01,27,4.177,0.219963031,0,0.188183014,"Africa"
"Liberia",2018,0.273917114,23.5,4.158,0.20918053,0.008074926,0.187321453,"Africa"
"Liberia",2020,0.01,17,5.934,0.189155884,0,0.267854714,"Africa"
"Liberia",2017,0.267958311,12.4,4.172,0.174984596,0.007892608,0.187956287,"Africa"
"Liberia",2014,0.279848093,9.9,2.496,0.16728281,0.008256393,0.111957557,"Africa"
"Liberia",2016,0.307404659,8.8,4.196,0.163894023,0.009099526,0.189044574,"Africa"
"Liberia",2015,0.281738703,7.7,3.302,0.160505237,0.008314239,0.148505872,"Africa"
"Libya",2016,7.883354692,25.9,13.425,0.216574245,0.240896688,0.60753639,"Africa"
"Libya",2017,8.632790044,25.9,13.05,0.216574245,0.263826748,0.5905319,"Africa"
"Libya",2018,8.825249137,14,12.938,0.17991374,0.269715313,0.585453226,"Africa"
"Libya",2015,8.388494488,10,13.637,0.167590881,0.256352172,0.617149594,"Africa"
"Libya",2014,9.383784035,2.4,13.361,0.144177449,0.286804497,0.60463429,"Africa"
"Libya",2020,0.01,1.5,13.75,0.141404806,0,0.622273614,"Africa"
"Libya",2019,0.01,-2.9,13.056,0.127849661,0,0.590803972,"Africa"
"Lithuania",2017,3.966902878,3.7,7.911,0.148182378,0.121067174,0.357502381,"Europe"
"Lithuania",2018,4.137005929,2.5,6.433,0.144485521,0.126271723,0.290482021,"Europe"
"Lithuania",2019,0.01,2.2,6.42,0.143561306,0,0.289892532,"Europe"
"Lithuania",2020,0.01,1.1,8.284,0.14017252,0,0.374416179,"Europe"
"Lithuania",2016,3.904845879,0.7,8.397,0.138940234,0.11916845,0.379540199,"Europe"
"Lithuania",2014,3.703492776,0.2,11.338,0.137399877,0.11300776,0.512900739,"Europe"
"Lithuania",2015,3.810789319,-0.7,9.483,0.134627234,0.116290653,0.428785199,"Europe"
"Luxembourg",2017,15.09216281,2.1,4.614,0.143253235,0.461460612,0.207998912,"Europe"
"Luxembourg",2018,15.33020808,2,4.439,0.142945163,0.468743952,0.200063483,"Europe"
"Luxembourg",2019,0.01,1.7,4.579,0.142020949,0,0.206411826,"Europe"
"Luxembourg",2014,17.3461629,0.7,4.535,0.138940234,0.530425009,0.204416633,"Europe"
"Luxembourg",2015,16.02867957,0.1,4.983,0.137091805,0.490114698,0.224731329,"Europe"
"Luxembourg",2016,15.22300151,0,5.002,0.136783734,0.465463811,0.22559289,"Europe"
"Luxembourg",2020,0.01,0,5.173,0.136783734,0,0.233346937,"Europe"
"Madagascar",2017,0.13687642,8.6,0.923,0.16327788,0.003881968,0.040629393,"Africa"
"Madagascar",2018,0.128320761,8.6,0.929,0.16327788,0.003620195,0.040901465,"Africa"
"Madagascar",2015,0.136997154,7.4,0.935,0.159581023,0.003885662,0.041173536,"Africa"
"Madagascar",2014,0.129292637,6.1,0.746,0.155576094,0.003649931,0.032603274,"Africa"
"Madagascar",2016,0.129346515,6.1,0.922,0.155576094,0.003651579,0.040584048,"Africa"
"Madagascar",2019,0.01,5.6,0.932,0.154035736,0,0.041037501,"Africa"
"Madagascar",2020,0.01,4.2,1.323,0.149722736,0,0.058767515,"Africa"
"Malawi",2014,0.067527955,23.8,3.148,0.210104744,0.001760151,0.141522695,"Africa"
"Malawi",2015,0.071661878,21.9,3.124,0.204251386,0.001886634,0.140434408,"Africa"
"Malawi",2016,0.079045626,21.7,3.174,0.203635243,0.002112551,0.142701673,"Africa"
"Malawi",2017,0.084888716,11.5,3.204,0.172211953,0.002291329,0.144062032,"Africa"
"Malawi",2019,0.01,9.4,3.076,0.165742452,0,0.138257833,"Africa"
"Malawi",2018,0.086533726,9.2,3.153,0.165126309,0.00234166,0.141749422,"Africa"
"Malawi",2020,0.01,8.6,3.772,0.16327788,0,0.169818165,"Africa"
"Malaysia",2017,7.165808462,3.8,1.833,0.14849045,0.218942322,0.08189362,"Asia"
"Malaysia",2014,7.757158614,3.1,1.437,0.146333949,0.237035537,0.063936879,"Asia"
"Malaysia",2015,7.682279042,2.1,1.529,0.143253235,0.234744488,0.068108647,"Asia"
"Malaysia",2016,7.451282159,2.1,1.825,0.143253235,0.227676804,0.081530857,"Asia"
"Malaysia",2018,7.600220413,1,1.779,0.139864449,0.232233785,0.079444973,"Asia"
"Malaysia",2019,0.01,0.7,1.89,0.138940234,0,0.084478302,"Asia"
"Malaysia",2020,0.01,-1.1,3.209,0.133394948,0,0.144288759,"Asia"
"Maldives",2014,3.126307417,2.4,3.928,0.144177449,0.095347938,0.176892033,"Asia"
"Maldives",2017,3.666412838,2.3,3.258,0.143869378,0.111873246,0.146510679,"Asia"
"Maldives",2015,2.967593875,1.4,3.695,0.141096734,0.090491868,0.166326577,"Asia"
"Maldives",2018,3.703674976,1.4,3.057,0.141096734,0.113013335,0.137396273,"Asia"
"Maldives",2019,0.01,1.3,2.843,0.140788663,0,0.127692377,"Asia"
"Maldives",2016,3.680297789,0.8,3.432,0.139248306,0.112298076,0.154400762,"Asia"
"Maldives",2020,0.01,-1.6,3.819,0.13185459,0,0.171949395,"Asia"
"Mali",2017,0.272789703,2.4,1.204,0.144177449,0.008040432,0.053371423,"Africa"
"Mali",2018,0.294583928,1.9,1.34,0.142637092,0.008707257,0.059538385,"Africa"
"Mali",2015,0.195541292,1.4,1.15,0.141096734,0.005676905,0.050922777,"Africa"
"Mali",2014,0.184242397,0.9,1.298,0.139556377,0.005331198,0.057633882,"Africa"
"Mali",2020,0.01,0.5,2.522,0.138324091,0,0.113136535,"Africa"
"Mali",2016,0.24602782,-1.8,1.079,0.131238447,0.007221613,0.04770326,"Africa"
"Mali",2019,0.01,-3,1.686,0.12754159,0,0.07522786,"Africa"
"Malta",2018,3.198316241,1.7,2.886,0.142020949,0.097551152,0.129642226,"Europe"
"Malta",2019,0.01,1.5,2.532,0.141404806,0,0.113589988,"Europe"
"Malta",2017,3.247870188,1.3,2.927,0.140788663,0.099067327,0.131501383,"Europe"
"Malta",2015,3.70742361,1.2,4.316,0.140480591,0.11312803,0.194486011,"Europe"
"Malta",2016,2.964713323,0.9,3.62,0.139556377,0.090403733,0.162925679,"Europe"
"Malta",2014,5.407793666,0.8,5.057,0.139248306,0.165153314,0.228086882,"Europe"
"Malta",2020,0.01,0.8,3.28,0.139248306,0,0.147508276,"Europe"
"Mauritania",2014,0.641075542,3.8,7.477,0.14849045,0.01930867,0.337822518,"Africa"
"Mauritania",2018,0.908407126,3.1,6.814,0.146333949,0.027488067,0.307758582,"Africa"
"Mauritania",2020,0.01,2.4,6.127,0.144177449,0,0.276606357,"Africa"
"Mauritania",2017,0.887315176,2.3,7.842,0.143869378,0.026842728,0.354373555,"Africa"
"Mauritania",2019,0.01,2.3,5.637,0.143869378,0,0.254387158,"Africa"
"Mauritania",2016,0.674907747,1.5,7.776,0.141404806,0.020343815,0.351380765,"Africa"
"Mauritania",2015,0.729060397,0.5,7.567,0.138324091,0.022000694,0.341903596,"Africa"
"Mauritius",2017,3.305359031,3.7,2.755,0.148182378,0.100826282,0.123701991,"Africa"
"Mauritius",2014,3.132598534,3.2,3.308,0.146642021,0.095540424,0.148777944,"Africa"
"Mauritius",2018,3.264040313,3.2,2.222,0.146642021,0.099562076,0.099532943,"Africa"
"Mauritius",2020,0.01,2.5,5.955,0.144485521,0,0.268806965,"Africa"
"Mauritius",2015,3.136372817,1.3,2.968,0.140788663,0.095655904,0.133360541,"Africa"
"Mauritius",2016,3.197535681,1,2.688,0.139864449,0.09752727,0.120663855,"Africa"
"Mauritius",2019,0.01,0.5,2.443,0.138324091,0,0.109554256,"Africa"
"Mexico",2017,3.781215828,6,2.657,0.155268022,0.115385809,0.119258151,"North America"
"Mexico",2018,3.741477725,4.9,2.483,0.151879236,0.114169965,0.111368068,"North America"
"Mexico",2014,3.808063465,4,3.834,0.149106593,0.116207252,0.172629574,"North America"
"Mexico",2019,0.01,3.6,2.748,0.147874307,0,0.123384574,"North America"
"Mexico",2020,0.01,3.4,4.028,0.147258164,0,0.181426563,"North America"
"Mexico",2016,3.885809372,2.8,3.084,0.145409735,0.118586,0.138620596,"North America"
"Mexico",2015,3.87819451,2.7,3.396,0.145101664,0.118353013,0.152768331,"North America"
"Moldova",2015,2.829393233,9.6,2.078,0.166358595,0.086263419,0.09300322,"Europe"
"Moldova",2017,2.961717622,6.5,1.725,0.15680838,0.090312075,0.076996327,"Europe"
"Moldova",2016,2.904891566,6.4,2.087,0.156500308,0.0885734,0.093411327,"Europe"
"Moldova",2014,2.698682161,5.1,1.773,0.152495379,0.082264124,0.079172902,"Europe"
"Moldova",2019,0.01,4.8,1.664,0.151571165,0,0.074230263,"Europe"
"Moldova",2020,0.01,3.8,1.276,0.14849045,0,0.056636285,"Europe"
"Moldova",2018,3.171832063,3.6,1.286,0.147874307,0.096740831,0.057089738,"Europe"
"Mongolia",2014,6.16303262,12.9,4.09,0.176524954,0.188260943,0.184237972,"Asia"
"Mongolia",2019,0.01,7.3,4.781,0.159272951,0,0.215571578,"Asia"
"Mongolia",2015,5.769680363,6.8,4.412,0.157732594,0.176225761,0.19883916,"Asia"
"Mongolia",2018,6.725098053,6.8,4.545,0.157732594,0.205458149,0.204870086,"Asia"
"Mongolia",2017,6.252834169,4.3,6.004,0.150030807,0.191008552,0.271028885,"Asia"
"Mongolia",2020,0.01,3.7,5.64,0.148182378,0,0.254523194,"Asia"
"Mongolia",2016,5.944984194,0.7,6.824,0.138940234,0.181589436,0.308212035,"Asia"
"Montenegro",2018,4.049968902,2.6,13.182,0.144793592,0.123608699,0.596517481,"Europe"
"Montenegro",2017,3.583060319,2.4,13.756,0.144177449,0.109322955,0.622545685,"Europe"
"Montenegro",2015,3.793242563,1.5,15.36,0.141404806,0.115753785,0.695279554,"Europe"
"Montenegro",2019,0.01,0.4,13.328,0.13801602,0,0.603137895,"Europe"
"Montenegro",2020,0.01,-0.2,15.687,0.136167591,0,0.710107468,"Europe"
"Montenegro",2016,3.390631252,-0.3,16.152,0.135859519,0.103435309,0.731193035,"Europe"
"Montenegro",2014,3.570222415,-0.7,15.846,0.134627234,0.10893016,0.717317372,"Europe"
"Morocco",2018,1.850726784,1.6,7.077,0.141712877,0.056319702,0.319684397,"Africa"
"Morocco",2016,1.795806751,1.5,6.591,0.141404806,0.054639344,0.297646579,"Africa"
"Morocco",2015,1.821795354,1.4,7.086,0.141096734,0.055434503,0.320092504,"Africa"
"Morocco",2017,1.852941845,0.7,6.972,0.138940234,0.056387475,0.31492314,"Africa"
"Morocco",2020,0.01,0.7,9.092,0.138940234,0,0.411055185,"Africa"
"Morocco",2014,1.78870378,0.4,7.255,0.13801602,0.054422018,0.327755861,"Africa"
"Morocco",2019,0.01,0.2,7.081,0.137399877,0,0.319865778,"Africa"
"Mozambique",2016,0.208049391,17.4,1.45,0.19038817,0.006059608,0.064526368,"Africa"
"Mozambique",2017,0.210129447,15.1,1.511,0.183302526,0.00612325,0.067292432,"Africa"
"Mozambique",2018,0.225115201,3.9,1.569,0.148798521,0.006581761,0.06992246,"Africa"
"Mozambique",2015,0.208564448,3.6,1.401,0.147874307,0.006075367,0.062304448,"Africa"
"Mozambique",2020,0.01,3.1,1.868,0.146333949,0,0.083480706,"Africa"
"Mozambique",2019,0.01,2.8,1.603,0.145409735,0,0.0714642,"Africa"
"Mozambique",2014,0.170051257,2.6,1.411,0.144793592,0.004897,0.062757901,"Africa"
"Myanmar",2016,0.412666941,9.1,0.533,0.164818238,0.012320178,0.022944724,"Asia"
"Myanmar",2019,0.01,8.6,0.188,0.16327788,0,0.007300594,"Asia"
"Myanmar",2015,0.360853051,7.3,0.468,0.159272951,0.010734857,0.019997279,"Asia"
"Myanmar",2018,0.605492803,5.9,0.413,0.154959951,0.018219965,0.017503288,"Asia"
"Myanmar",2014,0.325932174,5.7,0.45,0.154343808,0.009666402,0.019181064,"Asia"
"Myanmar",2020,0.01,5.7,0.453,0.154343808,0,0.0193171,"Asia"
"Myanmar",2017,0.588207515,4.6,0.638,0.150955022,0.017691096,0.027705981,"Asia"
"Namibia",2016,1.848990095,6.7,17.904,0.157424522,0.056266565,0.810638008,"Africa"
"Namibia",2017,1.802197016,6.1,18.02,0.155576094,0.054834863,0.815898064,"Africa"
"Namibia",2014,1.759459072,5.3,12.334,0.153111522,0.053527234,0.558064662,"Africa"
"Namibia",2018,1.735898378,4.3,17.905,0.150030807,0.05280636,0.810683354,"Africa"
"Namibia",2019,0.01,3.7,18.052,0.148182378,0,0.817349113,"Africa"
"Namibia",2015,1.844571323,3.4,14.947,0.147258164,0.056131366,0.676551943,"Africa"
"Namibia",2020,0.01,2.2,19.382,0.143561306,0,0.877658368,"Africa"
"Nepal",2016,0.342583453,9.9,7.209,0.16728281,0.010175872,0.325669977,"Asia"
"Nepal",2014,0.264996832,9,7.239,0.164510166,0.007801997,0.327030336,"Asia"
"Nepal",2015,0.239126119,7.2,7.23,0.15896488,0.007010445,0.326622228,"Asia"
"Nepal",2020,0.01,6.1,9.387,0.155576094,0,0.42443205,"Asia"
"Nepal",2019,0.01,4.6,7.158,0.150955022,0,0.323357366,"Asia"
"Nepal",2017,0.399165018,4.5,7.182,0.15064695,0.011907067,0.324445654,"Asia"
"Nepal",2018,0.428179218,4.1,7.166,0.149414664,0.012794799,0.323720129,"Asia"
"Netherlands",2019,0.01,2.7,2.713,0.145101664,0,0.121797488,"Europe"
"Netherlands",2018,8.772823734,1.6,3.029,0.141712877,0.268111282,0.136126604,"Europe"
"Netherlands",2017,9.100887639,1.3,3.708,0.140788663,0.278148872,0.166916066,"Europe"
"Netherlands",2020,0.01,1.1,2.758,0.14017252,0,0.123838027,"Europe"
"Netherlands",2014,8.887632902,0.3,6.248,0.137707948,0.271624034,0.282093139,"Europe"
"Netherlands",2015,9.333572532,0.2,5.701,0.137399877,0.285268203,0.257289258,"Europe"
"Netherlands",2016,9.293428178,0.1,4.572,0.137091805,0.284039929,0.206094409,"Europe"
"New Zealand",2017,6.838956291,1.9,2.788,0.142637092,0.208941807,0.125198386,"Oceania"
"New Zealand",2020,0.01,1.7,2.93,0.142020949,0,0.131637419,"Oceania"
"New Zealand",2018,6.572664572,1.6,2.735,0.141712877,0.200794226,0.122795085,"Oceania"
"New Zealand",2019,0.01,1.6,2.598,0.141712877,0,0.116582778,"Oceania"
"New Zealand",2014,7.038636112,1.2,3.171,0.140480591,0.2150513,0.142565637,"Oceania"
"New Zealand",2016,6.614199953,0.6,3.221,0.138632163,0.202065061,0.144832903,"Oceania"
"New Zealand",2015,6.983555343,0.3,3.287,0.137707948,0.213366024,0.147825693,"Oceania"
"Nicaragua",2014,0.774899255,6,2.894,0.155268022,0.0234032,0.130004988,"North America"
"Nicaragua",2019,0.01,5.4,4.296,0.153419593,0,0.193579105,"North America"
"Nicaragua",2018,0.805815233,4.9,4,0.151879236,0.024349119,0.180156895,"North America"
"Nicaragua",2015,0.846826586,4,3.213,0.149106593,0.025603921,0.14447014,"North America"
"Nicaragua",2017,0.845752981,3.9,2.435,0.148798521,0.025571073,0.109191493,"North America"
"Nicaragua",2020,0.01,3.7,5.157,0.148182378,0,0.232621412,"North America"
"Nicaragua",2016,0.853430457,3.5,2.793,0.147566235,0.025805976,0.125425112,"North America"
"Niger",2020,0.01,2.9,0.678,0.145717807,0,0.029519793,"Africa"
"Niger",2018,0.102037038,2.8,0.511,0.145409735,0.002816006,0.021947127,"Africa"
"Niger",2015,0.09849181,1,0.532,0.139864449,0.002707535,0.022899379,"Africa"
"Niger",2016,0.094762615,0.2,0.526,0.137399877,0.002593435,0.022627307,"Africa"
"Niger",2017,0.09582274,0.2,0.544,0.137399877,0.002625871,0.023443522,"Africa"
"Niger",2014,0.102909629,-0.9,0.469,0.134011091,0.002842705,0.020042625,"Africa"
"Niger",2019,0.01,-2.5,0.508,0.129081947,0,0.021811091,"Africa"
"Nigeria",2017,0.591596789,16.5,4.155,0.187615527,0.017794796,0.187185417,"Africa"
"Nigeria",2016,0.583027843,15.7,3.832,0.185150955,0.017532617,0.172538884,"Africa"
"Nigeria",2020,0.01,13.2,4.413,0.177449168,0,0.198884506,"Africa"
"Nigeria",2018,0.667110199,12.1,4.344,0.174060382,0.020105238,0.195755679,"Africa"
"Nigeria",2019,0.01,11.4,4.386,0.171903882,0,0.197660182,"Africa"
"Nigeria",2015,0.597060396,9,3.46,0.164510166,0.017961963,0.15567043,"Africa"
"Nigeria",2014,0.658711745,8,3.276,0.161429452,0.019848275,0.147326894,"Africa"
"North Korea",2014,1.253901331,6,2.158,0.155268022,0.038058963,0.096630844,"Asia"
"North Korea",2015,1.004612801,4.6,2.142,0.150955022,0.030431619,0.095905319,"Asia"
"North Korea",2018,0.709208588,3,2.06,0.146025878,0.021393299,0.092187004,"Asia"
"North Korea",2019,0.01,2.8,2.112,0.145409735,0,0.09454496,"Asia"
"North Korea",2016,1.188967848,2.4,2.141,0.144177449,0.036072229,0.095859974,"Asia"
"North Korea",2017,0.880069286,1.2,2.083,0.140480591,0.02662103,0.093229946,"Asia"
"North Korea",2020,0.01,0.8,2.358,0.139248306,0,0.105699905,"Asia"
"Norway",2016,7.249949804,3.6,4.262,0.147874307,0.221516749,0.192037365,"Europe"
"Norway",2018,7.031361189,2.8,3.079,0.145409735,0.214828713,0.138393869,"Europe"
"Norway",2015,7.447085509,2.2,3.577,0.143561306,0.227548401,0.160975831,"Europe"
"Norway",2019,0.01,2.2,3.033,0.143561306,0,0.136307985,"Europe"
"Norway",2014,7.451483601,2,2.922,0.142945163,0.227682967,0.131274657,"Europe"
"Norway",2017,6.992651841,1.9,3.562,0.142637092,0.213644345,0.160295651,"Europe"
"Norway",2020,0.01,1.3,3.621,0.140788663,0,0.162971024,"Europe"
"Oman",2017,14.98094912,1.6,0.5,0.141712877,0.458057868,0.021448329,"Asia"
"Oman",2016,15.52503484,1.1,0.653,0.14017252,0.474704959,0.028386161,"Asia"
"Oman",2014,16.00842261,1,0.788,0.139864449,0.489494907,0.034507777,"Asia"
"Oman",2018,15.19212436,0.9,0.346,0.139556377,0.46451908,0.014465152,"Asia"
"Oman",2015,16.00528292,0.1,0.736,0.137091805,0.489398844,0.032149821,"Asia"
"Oman",2019,0.01,0.1,0.403,0.137091805,0,0.017049834,"Asia"
"Oman",2020,0.01,-0.9,0.624,0.134011091,0,0.027071147,"Asia"
"Pakistan",2020,0.01,10.7,4.617,0.169747381,0,0.208134948,"Asia"
"Pakistan",2014,0.786820566,8.6,0.98,0.16327788,0.02376795,0.043214075,"Asia"
"Pakistan",2019,0.01,6.7,2.665,0.157424522,0,0.119620913,"Asia"
"Pakistan",2015,0.820300353,4.5,1.848,0.15064695,0.024792313,0.082573799,"Asia"
"Pakistan",2017,0.950909547,4.1,1.82,0.149414664,0.02878849,0.081304131,"Asia"
"Pakistan",2018,0.981820105,3.9,2.542,0.148798521,0.029734243,0.114043441,"Asia"
"Pakistan",2016,0.886749485,2.9,1.088,0.145717807,0.02682542,0.048111368,"Asia"
"Palestine",2017,0.01,1.8,16.334,0.14232902,0,0.73944588,"Asia"
"Palestine",2018,0.01,1.3,17.476,0.140788663,0,0.791230218,"Asia"
"Palestine",2014,0.01,0.6,14.085,0.138632163,0,0.637464291,"Asia"
"Palestine",2019,0.01,0.1,17.043,0.137091805,0,0.771595701,"Asia"
"Palestine",2016,0.01,-0.3,15.868,0.135859519,0,0.718314968,"Asia"
"Palestine",2020,0.01,-0.5,18.443,0.135243376,0,0.835079128,"Asia"
"Palestine",2015,0.01,-0.8,15.385,0.134319162,0,0.696413186,"Asia"
"Panama",2014,2.891335759,2.6,2.24,0.144793592,0.08815864,0.100349159,"North America"
"Panama",2017,2.495882403,0.9,2.84,0.139556377,0.076059172,0.127556342,"North America"
"Panama",2018,2.42765632,0.8,2.87,0.139248306,0.073971696,0.128916701,"North America"
"Panama",2016,2.6677744,0.7,2.76,0.138940234,0.081318457,0.123928717,"North America"
"Panama",2015,2.696239628,0.1,2.54,0.137091805,0.082189391,0.11395275,"North America"
"Panama",2019,0.01,-0.4,3.45,0.135551448,0,0.155216977,"North America"
"Panama",2020,0.01,-1.6,7.901,0.13185459,0,0.357048928,"North America"
"Papua New Guinea",2016,0.922414875,6.7,2.903,0.157424522,0.027916654,0.130413096,"Oceania"
"Papua New Guinea",2015,0.793066209,6,2.923,0.155268022,0.023959045,0.131320002,"Oceania"
"Papua New Guinea",2017,0.912534407,5.4,3.057,0.153419593,0.027614347,0.137396273,"Oceania"
"Papua New Guinea",2014,0.738668331,5.2,2.946,0.15280345,0.022294663,0.132362944,"Oceania"
"Papua New Guinea",2020,0.01,4.9,3.734,0.151879236,0,0.168095044,"Oceania"
"Papua New Guinea",2018,0.866804457,4.4,3.167,0.150338879,0.026215173,0.142384256,"Oceania"
"Papua New Guinea",2019,0.01,3.9,3.189,0.148798521,0,0.143381853,"Oceania"
"Paraguay",2014,0.853091829,5,2.348,0.152187307,0.025795615,0.105246452,"South America"
"Paraguay",2016,1.054902434,4.1,2.746,0.149414664,0.031970303,0.123293883,"South America"
"Paraguay",2018,1.210453778,4,3.368,0.149106593,0.036729622,0.151498662,"South America"
"Paraguay",2017,1.164982151,3.6,3.199,0.147874307,0.035338351,0.143835306,"South America"
"Paraguay",2015,0.952345926,3.1,2.341,0.146333949,0.028832438,0.104929035,"South America"
"Paraguay",2019,0.01,2.8,3.383,0.145409735,0,0.152178842,"South America"
"Paraguay",2020,0.01,1.8,3.882,0.14232902,0,0.174806149,"South America"
"Peru",2016,1.827909662,3.6,2.56,0.147874307,0.055621579,0.114859656,"South America"
"Peru",2015,1.766284697,3.5,2.315,0.147566235,0.053736074,0.103750057,"South America"
"Peru",2014,1.755046431,3.2,1.943,0.146642021,0.053392223,0.086881603,"South America"
"Peru",2017,1.717004408,2.8,2.445,0.145409735,0.052228272,0.109644946,"South America"
"Peru",2019,0.01,2.1,2.206,0.143253235,0,0.098807418,"South America"
"Peru",2020,0.01,1.8,6.18,0.14232902,0,0.279009659,"South America"
"Peru",2018,1.69681923,1.3,2.134,0.140788663,0.051610677,0.095542557,"South America"
"Philippines",2018,1.33369096,5.3,1.38,0.153111522,0.040500242,0.061352197,"Asia"
"Philippines",2014,1.038769688,3.6,2.264,0.147874307,0.031476698,0.101437446,"Asia"
"Philippines",2017,1.298718327,2.9,1.54,0.145717807,0.039430203,0.068607446,"Asia"
"Philippines",2019,0.01,2.4,1.312,0.144177449,0,0.058268716,"Asia"
"Philippines",2020,0.01,2.4,1.731,0.144177449,0,0.077268399,"Asia"
"Philippines",2016,1.205049261,1.2,1.611,0.140480591,0.036564263,0.071826962,"Asia"
"Philippines",2015,1.113176292,0.7,1.849,0.138940234,0.033753276,0.082619145,"Asia"
"Poland",2020,0.01,3.4,2.523,0.147258164,0,0.11318188,"Europe"
"Poland",2019,0.01,2.2,2.48,0.143561306,0,0.111232032,"Europe"
"Poland",2017,8.237562431,2,4.006,0.142945163,0.251734187,0.180428967,"Europe"
"Poland",2018,8.235472255,1.8,3.193,0.14232902,0.251670235,0.143563234,"Europe"
"Poland",2014,7.517152269,0.1,7.097,0.137091805,0.229692195,0.320591303,"Europe"
"Poland",2016,7.894108855,-0.7,5.046,0.134627234,0.241225728,0.227588083,"Europe"
"Poland",2015,7.609299873,-0.9,6.073,0.134011091,0.232511584,0.274157711,"Europe"
"Portugal",2017,5.177519101,1.6,7.29,0.141712877,0.15810773,0.329342947,"Europe"
"Portugal",2018,4.840612761,1.2,5.469,0.140480591,0.147799593,0.246769147,"Europe"
"Portugal",2016,4.72231143,0.6,9.68,0.138632163,0.144179992,0.437718224,"Europe"
"Portugal",2015,4.812669843,0.5,10.81,0.138324091,0.146944639,0.488958418,"Europe"
"Portugal",2019,0.01,0.3,5.004,0.137707948,0,0.22568358,"Europe"
"Portugal",2020,0.01,-0.1,5.479,0.136475662,0,0.2472226,"Europe"
"Portugal",2014,4.415895223,-0.2,11.873,0.136167591,0.134804745,0.537160477,"Europe"
"Qatar",2014,32.69353229,4.2,0.027,0.149722736,1,0,"Asia"
"Qatar",2016,32.128042,2.7,0.038,0.145101664,0.982698006,0.000498798,"Asia"
"Qatar",2015,32.47056953,0.9,0.034,0.139556377,0.993178131,0.000317417,"Asia"
"Qatar",2017,32.17937063,0.6,0.035,0.138632163,0.984268479,0.000362762,"Asia"
"Qatar",2018,32.41563917,0.1,0.044,0.137091805,0.991497458,0.00077087,"Asia"
"Qatar",2019,0.01,-0.9,0.04,0.134011091,0,0.000589489,"Asia"
"Qatar",2020,0.01,-2.5,0.056,0.129081947,0,0.001315014,"Asia"
"Romania",2018,3.845132759,4.6,3.827,0.150955022,0.11734144,0.172312157,"Europe"
"Romania",2019,0.01,3.8,3.369,0.14849045,0,0.151544008,"Europe"
"Romania",2020,0.01,2.6,4.304,0.144793592,0,0.193941867,"Europe"
"Romania",2017,3.782790244,1.3,4.631,0.140788663,0.115433981,0.208769782,"Europe"
"Romania",2014,3.586823815,1.1,5.982,0.14017252,0.109438104,0.270031288,"Europe"
"Romania",2015,3.678916669,-0.6,6.403,0.134935305,0.112255819,0.289121661,"Europe"
"Romania",2016,3.610752001,-1.6,5.55,0.13185459,0.110170222,0.250442117,"Europe"
"Russia",2015,10.80890931,15.5,4.903,0.184534812,0.330408268,0.221103705,"Europe"
"Russia",2014,11.17274176,7.8,4.644,0.160813309,0.341540249,0.209359271,"Europe"
"Russia",2016,10.60603144,7,4.849,0.158348737,0.324200926,0.218655058,"Europe"
"Russia",2019,0.01,4.5,3.902,0.15064695,0,0.175713055,"Europe"
"Russia",2017,10.77664459,3.7,4.518,0.148182378,0.329421083,0.203645762,"Europe"
"Russia",2020,0.01,3.4,4.897,0.147258164,0,0.220831633,"Europe"
"Russia",2018,11.12661837,2.9,4.053,0.145717807,0.340129037,0.182560196,"Europe"
"Rwanda",2020,0.01,7.7,9.597,0.160505237,0,0.433954564,"Africa"
"Rwanda",2016,0.089983322,5.7,9.786,0.154343808,0.002447206,0.442524827,"Africa"
"Rwanda",2017,0.087639054,4.8,9.874,0.151571165,0.002375479,0.446515213,"Africa"
"Rwanda",2015,0.081800915,2.5,9.822,0.144485521,0.002196853,0.444157258,"Africa"
"Rwanda",2019,0.01,2.4,9.033,0.144177449,0,0.408379812,"Africa"
"Rwanda",2014,0.073080757,1.8,9.818,0.14232902,0.001930047,0.443975876,"Africa"
"Rwanda",2018,0.087790824,1.4,8.574,0.141096734,0.002380123,0.387566318,"Africa"
"Saint Lucia",2014,2.01898972,3.5,12.365,0.147566235,0.06146795,0.559470367,"North America"
"Saint Lucia",2018,2.14415306,2.6,11.807,0.144793592,0.065297503,0.534167687,"North America"
"Saint Lucia",2019,0.01,0.5,9.09,0.138324091,0,0.410964495,"North America"
"Saint Lucia",2017,2.044707248,0.1,10.404,0.137091805,0.062254815,0.470548225,"North America"
"Saint Lucia",2015,2.12135253,-1,11.733,0.133703019,0.064599888,0.530812134,"North America"
"Saint Lucia",2020,0.01,-1.8,14.007,0.131238447,0,0.633927357,"North America"
"Saint Lucia",2016,1.944142022,-3.1,10.997,0.127233518,0.059177876,0.49743799,"North America"
"Saint Vincent and the Grenadines",2018,2.540604301,2.3,15.535,0.143869378,0.077427503,0.703214982,"North America"
"Saint Vincent and the Grenadines",2017,2.458434251,2.2,15.443,0.143561306,0.074913392,0.699043214,"North America"
"Saint Vincent and the Grenadines",2019,0.01,0.9,15.87,0.139556377,0,0.718405659,"North America"
"Saint Vincent and the Grenadines",2014,2.663776316,0.2,15.47,0.137399877,0.081196129,0.700267537,"North America"
"Saint Vincent and the Grenadines",2016,2.466496752,-0.2,15.387,0.136167591,0.075160075,0.696503877,"North America"
"Saint Vincent and the Grenadines",2020,0.01,-0.6,17.461,0.134935305,0,0.790550039,"North America"
"Saint Vincent and the Grenadines",2015,2.015851927,-1.7,15.405,0.131546519,0.061371944,0.697320093,"North America"
"Samoa",2018,1.631587535,3.7,4.371,0.148182378,0.049614819,0.196980003,"Oceania"
"Samoa",2019,0.01,2.2,4.431,0.143561306,0,0.199700721,"Oceania"
"Samoa",2015,1.240245982,1.9,5.158,0.142637092,0.037641157,0.232666757,"Oceania"
"Samoa",2020,0.01,1.5,4.929,0.141404806,0,0.222282683,"Oceania"
"Samoa",2017,1.535642257,1.3,4.299,0.140788663,0.046679234,0.193715141,"Oceania"
"Samoa",2016,1.542099311,0.1,4.674,0.137091805,0.046876797,0.21071963,"Oceania"
"Samoa",2014,1.092498179,-1.2,5.66,0.133086876,0.033120599,0.2554301,"Oceania"
"Sao Tome and Principe",2020,0.01,9.8,9.344,0.166974738,0,0.422482202,"Africa"
"Sao Tome and Principe",2018,0.663406498,7.9,8.323,0.16112138,0.019991918,0.376184646,"Africa"
"Sao Tome and Principe",2019,0.01,7.7,8.435,0.160505237,0,0.38126332,"Africa"
"Sao Tome and Principe",2014,0.613098857,7,8.028,0.158348737,0.018452683,0.362807781,"Africa"
"Sao Tome and Principe",2015,0.601687734,6.1,8.038,0.155576094,0.018103543,0.363261234,"Africa"
"Sao Tome and Principe",2017,0.627758516,5.7,8.264,0.154343808,0.018901216,0.373509273,"Africa"
"Sao Tome and Principe",2016,0.590490156,5.4,8.113,0.153419593,0.017760937,0.366662132,"Africa"
"Saudi Arabia",2020,0.01,3.4,2.771,0.147258164,0,0.124427516,"Asia"
"Saudi Arabia",2018,15.26878053,2.5,1.973,0.144485521,0.466864487,0.088241963,"Asia"
"Saudi Arabia",2014,17.36316244,2.2,1.584,0.143561306,0.530945134,0.070602639,"Asia"
"Saudi Arabia",2016,17.1603242,2.1,1.533,0.143253235,0.524739005,0.068290029,"Asia"
"Saudi Arabia",2015,17.69171234,1.2,1.364,0.140480591,0.540997594,0.060626672,"Asia"
"Saudi Arabia",2017,16.33476362,-0.8,1.999,0.134319162,0.499479783,0.08942094,"Asia"
"Saudi Arabia",2019,0.01,-2.1,1.522,0.130314233,0,0.06779123,"Asia"
"Senegal",2020,0.01,2.5,3.25,0.144485521,0,0.146147916,"Africa"
"Senegal",2016,0.661619418,1.2,3.651,0.140480591,0.01993724,0.164331383,"Africa"
"Senegal",2017,0.620648569,1.1,3.873,0.14017252,0.018683677,0.174398041,"Africa"
"Senegal",2019,0.01,1,2.711,0.139864449,0,0.121706797,"Africa"
"Senegal",2015,0.636556012,0.9,6.141,0.139556377,0.019170389,0.277241192,"Africa"
"Senegal",2018,0.621912357,0.5,2.647,0.138324091,0.018722345,0.118804698,"Africa"
"Senegal",2014,0.604596628,-1.1,6.633,0.133394948,0.018192545,0.299551081,"Africa"
"Serbia",2017,6.680095225,3.1,11.431,0.146333949,0.204081222,0.517117852,"Europe"
"Serbia",2014,5.430136359,2.1,15.871,0.143253235,0.165836921,0.718451004,"Europe"
"Serbia",2018,6.521922194,2,10.589,0.142945163,0.19924169,0.478937106,"Europe"
"Serbia",2019,0.01,1.8,8.5,0.14232902,0,0.384210765,"Europe"
"Serbia",2020,0.01,1.6,7.393,0.141712877,0,0.334013513,"Europe"
"Serbia",2015,6.36470223,1.4,14.768,0.141096734,0.194431317,0.668435134,"Europe"
"Serbia",2016,6.551132125,1.1,13.052,0.14017252,0.20013541,0.590622591,"Europe"
"Sierra Leone",2017,0.129533212,18.2,4.483,0.192852742,0.003657292,0.202058677,"Africa"
"Sierra Leone",2018,0.133330736,16,4.037,0.186075169,0.003773482,0.181834671,"Africa"
"Sierra Leone",2019,0.01,14.8,4.057,0.182378312,0,0.182741577,"Africa"
"Sierra Leone",2020,0.01,13.4,4.605,0.178065311,0,0.207590804,"Africa"
"Sierra Leone",2016,0.130989244,10.9,4.591,0.170363524,0.003701841,0.20695597,"Africa"
"Sierra Leone",2015,0.131066917,6.7,4.471,0.157424522,0.003704218,0.201514533,"Africa"
"Sierra Leone",2014,0.168159366,4.6,4.028,0.150955022,0.004839115,0.181426563,"Africa"
"Singapore",2014,8.128380884,1,3.209,0.139864449,0.24839362,0.144288759,"Asia"
"Singapore",2017,8.451151436,0.6,3.749,0.138632163,0.258269252,0.168775223,"Asia"
"Singapore",2019,0.01,0.6,2.71,0.138632163,0,0.121661452,"Asia"
"Singapore",2018,8.399134832,0.4,3.189,0.13801602,0.256677729,0.143381853,"Asia"
"Singapore",2020,0.01,-0.2,3.603,0.136167591,0,0.162154809,"Asia"
"Singapore",2015,8.220412567,-0.5,3.254,0.135243376,0.251209462,0.146329298,"Asia"
"Singapore",2016,8.232150937,-0.5,3.545,0.135243376,0.251568615,0.159524781,"Asia"
"Slovakia",2019,0.01,2.8,4.957,0.145409735,0,0.223552351,"Europe"
"Slovakia",2018,6.058635474,2.5,5.446,0.144485521,0.185066761,0.245726205,"Europe"
"Slovakia",2020,0.01,2,5.546,0.142945163,0,0.250260736,"Europe"
"Slovakia",2017,6.173665694,1.4,7.018,0.141096734,0.188586278,0.317009024,"Europe"
"Slovakia",2014,5.619481904,-0.1,8.857,0.136475662,0.171630222,0.400399039,"Europe"
"Slovakia",2015,5.669455793,-0.3,8.901,0.135859519,0.173159246,0.402394232,"Europe"
"Slovakia",2016,5.80025256,-0.5,7.757,0.135243376,0.177161162,0.350519204,"Europe"
"Slovenia",2018,6.774695332,1.7,4.296,0.142020949,0.20697565,0.193579105,"Europe"
"Slovenia",2019,0.01,1.6,3.744,0.141712877,0,0.168548497,"Europe"
"Slovenia",2017,6.842858166,1.4,5.41,0.141096734,0.20906119,0.244093774,"Europe"
"Slovenia",2014,6.38706486,0.2,8.148,0.137399877,0.195115534,0.368249218,"Europe"
"Slovenia",2016,6.745625513,-0.1,6.87,0.136475662,0.206086217,0.310297919,"Europe"
"Slovenia",2020,0.01,-0.1,3.846,0.136475662,0,0.173173718,"Europe"
"Slovenia",2015,6.382264187,-0.5,7.292,0.135243376,0.194968651,0.329433637,"Europe"
"Solomon Islands",2014,0.579138412,5.3,0.581,0.153111522,0.017413614,0.025121299,"Oceania"
"Solomon Islands",2018,0.566740598,3.5,0.572,0.147566235,0.017034285,0.024713191,"Oceania"
"Solomon Islands",2020,0.01,3,0.824,0.146025878,0,0.036140208,"Oceania"
"Solomon Islands",2019,0.01,1.6,0.597,0.141712877,0,0.025846824,"Oceania"
"Solomon Islands",2016,0.581171966,0.5,0.587,0.138324091,0.017475833,0.025393371,"Oceania"
"Solomon Islands",2017,0.550288508,0.5,0.577,0.138324091,0.016530909,0.024939917,"Oceania"
"Solomon Islands",2015,0.51398282,-0.6,0.587,0.134935305,0.015420084,0.025393371,"Oceania"
"Somalia",2019,0.01,4.5,13.239,0.15064695,0,0.599102163,"Africa"
"Somalia",2018,0.04597479,4.3,13.183,0.150030807,0.001100701,0.596562826,"Africa"
"Somalia",2020,0.01,4.3,13.827,0.150030807,0,0.625765202,"Africa"
"Somalia",2017,0.045239052,4,12.956,0.149106593,0.00107819,0.586269442,"Africa"
"Somalia",2014,0.048422286,1.3,13.296,0.140788663,0.001175585,0.601686845,"Africa"
"Somalia",2015,0.047110994,0.9,12.901,0.139556377,0.001135465,0.58377545,"Africa"
"Somalia",2016,0.04652594,0,12.81,0.136783734,0.001117564,0.579649027,"Africa"
"South Africa",2016,4.166531654,6.3,19.46,0.156192237,0.127175105,0.881195302,"Africa"
"South Africa",2016,4.166531654,6.3,19.46,0.156192237,0.127175105,0.881195302,"Africa"
"South Africa",2014,4.518767643,6.1,17.863,0.155576094,0.137952275,0.808778851,"Africa"
"South Africa",2014,4.518767643,6.1,17.863,0.155576094,0.137952275,0.808778851,"Africa"
"South Africa",2017,4.198086318,5.3,19.925,0.153111522,0.128140566,0.902280869,"Africa"
"South Africa",2017,4.198086318,5.3,19.925,0.153111522,0.128140566,0.902280869,"Africa"
"South Africa",2015,4.226359855,4.6,18.206,0.150955022,0.129005636,0.82433229,"Africa"
"South Africa",2015,4.226359855,4.6,18.206,0.150955022,0.129005636,0.82433229,"Africa"
"South Africa",2018,4.130131695,4.6,20.292,0.150955022,0.126061396,0.918922596,"Africa"
"South Africa",2018,4.130131695,4.6,20.292,0.150955022,0.126061396,0.918922596,"Africa"
"South Africa",2019,0.01,4.1,21.493,0.149414664,0,0.973382306,"Africa"
"South Africa",2019,0.01,4.1,21.493,0.149414664,0,0.973382306,"Africa"
"South Africa",2020,0.01,3.3,21.217,0.146950092,0,0.960867002,"Africa"
"South Africa",2020,0.01,3.3,21.217,0.146950092,0,0.960867002,"Africa"
"South Sudan",2016,0.159704298,220.1,8.359,0.814849045,0.00458042,0.377817077,"Africa"
"South Sudan",2017,0.13931184,213,8.534,0.79297597,0.003956483,0.385752505,"Africa"
"South Sudan",2018,0.125729734,83.4,8.283,0.393715342,0.003540919,0.374370834,"Africa"
"South Sudan",2015,0.183843137,53,7.811,0.300061614,0.005318983,0.35296785,"Africa"
"South Sudan",2019,0.01,49.3,7.907,0.28866297,0,0.357320999,"Africa"
"South Sudan",2020,0.01,24,9.067,0.210720887,0,0.409921553,"Africa"
"South Sudan",2014,0.144956618,4.3,7.902,0.150030807,0.004129193,0.357094273,"Africa"
"Spain",2017,5.654039569,2,13.969,0.142945163,0.172687564,0.632204235,"Europe"
"Spain",2018,5.5203504,1.7,12.174,0.142020949,0.16859715,0.550809414,"Europe"
"Spain",2019,0.01,0.8,11.091,0.139248306,0,0.501700449,"Europe"
"Spain",2014,5.18406686,-0.2,21.388,0.136167591,0.158308068,0.968621049,"Europe"
"Spain",2016,5.314294607,-0.3,16.334,0.135859519,0.162292575,0.73944588,"Europe"
"Spain",2020,0.01,-0.3,12.25,0.135859519,0,0.554255657,"Europe"
"Spain",2015,5.517944386,-0.6,18.78,0.134935305,0.168523535,0.850360495,"Europe"
"Sri Lanka",2017,1.087017348,6.6,1.272,0.157116451,0.032952905,0.056454904,"Asia"
"Sri Lanka",2020,0.01,4.6,1.754,0.150955022,0,0.078311341,"Asia"
"Sri Lanka",2018,0.99815413,4.3,1.263,0.150030807,0.030234007,0.056046796,"Asia"
"Sri Lanka",2019,0.01,4.3,1.549,0.150030807,0,0.069015553,"Asia"
"Sri Lanka",2016,1.034287601,4,1.063,0.149106593,0.031339562,0.046977735,"Asia"
"Sri Lanka",2014,0.847049764,2.8,1.389,0.145409735,0.02561075,0.061760305,"Asia"
"Sri Lanka",2015,0.970910825,2.2,1.23,0.143561306,0.029400458,0.054550401,"Asia"
"Sudan",2020,0.01,163.3,9.82,0.639864449,0,0.444066567,"Africa"
"Sudan",2018,0.483235878,63.3,8.616,0.331792976,0.014479337,0.38947082,"Africa"
"Sudan",2019,0.01,51,8.795,0.293900185,0,0.39758763,"Africa"
"Sudan",2014,0.403658393,36.9,8.679,0.250462107,0.012044549,0.392327574,"Africa"
"Sudan",2017,0.498365757,32.4,8.475,0.236598891,0.014942258,0.383077132,"Africa"
"Sudan",2016,0.513960335,17.8,8.356,0.191620456,0.015419396,0.377681041,"Africa"
"Sudan",2015,0.457548873,16.9,8.344,0.188847813,0.013693406,0.377136897,"Africa"
"Suriname",2016,4.089342395,55.5,3.235,0.307763401,0.124813388,0.145467737,"South America"
"Suriname",2020,0.01,34.9,3.709,0.244300678,0,0.166961411,"South America"
"Suriname",2017,3.733560502,22,3.206,0.204559458,0.113927726,0.144152723,"South America"
"Suriname",2015,4.918302524,6.9,3.532,0.158040665,0.150176624,0.158935292,"South America"
"Suriname",2018,3.611192614,6.9,3.111,0.158040665,0.110183703,0.139844919,"South America"
"Suriname",2019,0.01,4.4,3.022,0.150338879,0,0.135809187,"South America"
"Suriname",2014,4.771561493,3.4,2.774,0.147258164,0.145686869,0.124563551,"South America"
"Sweden",2018,3.538009127,2,4.961,0.142945163,0.107944548,0.223733732,"Europe"
"Sweden",2017,3.811011227,1.9,5.415,0.142637092,0.116297443,0.244320501,"Europe"
"Sweden",2019,0.01,1.7,4.967,0.142020949,0,0.224005804,"Europe"
"Sweden",2016,3.909066586,1.1,5.574,0.14017252,0.119297589,0.251530404,"Europe"
"Sweden",2015,4.000332272,0.7,5.664,0.138940234,0.122089994,0.255611481,"Europe"
"Sweden",2020,0.01,0.7,6.27,0.138940234,0,0.283090736,"Europe"
"Sweden",2014,4.03254501,0.2,5.866,0.137399877,0.12307559,0.264771233,"Europe"
"Switzerland",2018,4.401991044,0.9,3.809,0.139556377,0.134379326,0.171495942,"Europe"
"Switzerland",2017,4.569419203,0.5,4.06,0.138324091,0.139502033,0.182877613,"Europe"
"Switzerland",2019,0.01,0.4,3.489,0.13801602,0,0.156985444,"Europe"
"Switzerland",2014,4.851838197,0,4.105,0.136783734,0.148143051,0.184918152,"Europe"
"Switzerland",2016,4.730490994,-0.4,4.285,0.135551448,0.144430258,0.193080307,"Europe"
"Switzerland",2020,0.01,-0.7,4.08,0.134627234,0,0.183784519,"Europe"
"Switzerland",2015,4.712404478,-1.1,4.06,0.133394948,0.143876875,0.182877613,"Europe"
"Syria",2014,1.446764904,0,6.949,0.136783734,0.043959903,0.313880198,"Asia"
"Syria",2015,1.446874775,0,6.604,0.136783734,0.043963265,0.298236068,"Asia"
"Syria",2016,1.514980876,0,6.239,0.136783734,0.046047069,0.281685032,"Asia"
"Syria",2017,1.702185507,0,5.997,0.136783734,0.051774866,0.270711468,"Asia"
"Syria",2018,1.647087511,0,5.818,0.136783734,0.050089063,0.262594658,"Asia"
"Syria",2019,0.01,0,5.644,0.136783734,0,0.254704575,"Asia"
"Syria",2020,0.01,0,6.834,0.136783734,0,0.308665488,"Asia"
"Tajikistan",2020,0.01,8.6,5.948,0.16327788,0,0.268489548,"Asia"
"Tajikistan",2019,0.01,7.8,5.729,0.160813309,0,0.258558926,"Asia"
"Tajikistan",2017,0.717320532,7.3,5.682,0.159272951,0.021641496,0.256427697,"Asia"
"Tajikistan",2014,0.541632517,6.1,6.012,0.155576094,0.016266067,0.271391647,"Asia"
"Tajikistan",2016,0.687937716,5.9,5.475,0.154959951,0.020742486,0.247041219,"Asia"
"Tajikistan",2015,0.563045813,5.8,5.755,0.154651879,0.016921238,0.259737904,"Asia"
"Tajikistan",2018,0.80541954,3.8,5.717,0.14849045,0.024337013,0.258014783,"Asia"
"Tanzania",2014,0.214569239,6.1,0.981,0.155576094,0.006259092,0.04325942,"Africa"
"Tanzania",2015,0.227066841,5.6,0.987,0.154035736,0.006641474,0.043531492,"Africa"
"Tanzania",2017,0.207828911,5.3,1.071,0.153111522,0.006052862,0.047340498,"Africa"
"Tanzania",2016,0.205846528,5.2,1.027,0.15280345,0.005992208,0.045345304,"Africa"
"Tanzania",2018,0.205634733,3.5,1.138,0.147566235,0.005985728,0.050378633,"Africa"
"Tanzania",2019,0.01,3.4,1.22,0.147258164,0,0.054096948,"Africa"
"Tanzania",2020,0.01,3.3,1.51,0.146950092,0,0.067247087,"Africa"
"Thailand",2014,3.779437929,1.9,0.319,0.142637092,0.115331412,0.013240829,"Asia"
"Thailand",2018,3.714039204,1.1,0.43,0.14017252,0.113330443,0.018274158,"Asia"
"Thailand",2017,3.766228713,0.7,0.466,0.138940234,0.114927257,0.019906589,"Asia"
"Thailand",2019,0.01,0.7,0.387,0.138940234,0,0.01632431,"Asia"
"Thailand",2016,3.780122324,0.2,0.365,0.137399877,0.115352352,0.015326713,"Asia"
"Thailand",2020,0.01,-0.8,0.703,0.134319162,0,0.030653426,"Asia"
"Thailand",2015,3.82859407,-0.9,0.334,0.134011091,0.116835415,0.013921008,"Asia"
"The Democratic Republic of the Congo",2015,0.037904358,3.2,4.118,0.146642021,0.000853774,0.185507641,"Africa"
"The Democratic Republic of the Congo",2016,0.026145739,3.2,4.259,0.146642021,0.000494002,0.191901329,"Africa"
"The Democratic Republic of the Congo",2020,0.01,1.4,5.381,0.141096734,0,0.24277876,"Africa"
"The Democratic Republic of the Congo",2018,0.026169263,1.2,4.441,0.140480591,0.000494722,0.200154174,"Africa"
"The Democratic Republic of the Congo",2014,0.064933793,0.9,4.106,0.139556377,0.001680779,0.184963497,"Africa"
"The Democratic Republic of the Congo",2017,0.028010253,0.4,4.401,0.13801602,0.00055105,0.198340362,"Africa"
"The Democratic Republic of the Congo",2019,0.01,0.4,4.41,0.13801602,0,0.19874847,"Africa"
"Timor-Leste",2018,0.504741813,2.3,1.427,0.143869378,0.015137342,0.063483426,"Asia"
"Timor-Leste",2019,0.01,0.9,1.372,0.139556377,0,0.060989435,"Asia"
"Timor-Leste",2014,0.451320026,0.8,1.607,0.139248306,0.013502825,0.071645581,"Asia"
"Timor-Leste",2015,0.5099081,0.6,1.534,0.138632163,0.015295412,0.068335374,"Asia"
"Timor-Leste",2017,0.482602191,0.5,1.439,0.138324091,0.014459948,0.06402757,"Asia"
"Timor-Leste",2020,0.01,0.5,1.517,0.138324091,0,0.067564504,"Asia"
"Timor-Leste",2016,0.565903572,-1.5,1.445,0.132162662,0.017008675,0.064299642,"Asia"
"Togo",2015,0.248526524,1.8,2.49,0.14232902,0.007298064,0.111685485,"Africa"
"Togo",2020,0.01,1.8,4.186,0.14232902,0,0.188591121,"Africa"
"Togo",2016,0.30626028,0.9,3.018,0.139556377,0.009064512,0.135627806,"Africa"
"Togo",2018,0.286471389,0.9,3.654,0.139556377,0.008459043,0.164467419,"Africa"
"Togo",2019,0.01,0.7,3.679,0.138940234,0,0.165601052,"Africa"
"Togo",2014,0.222751565,0.2,2.367,0.137399877,0.006509442,0.106108013,"Africa"
"Togo",2017,0.268884387,-0.2,3.614,0.136167591,0.007920943,0.162653607,"Africa"
"Tonga",2017,1.764671281,7.2,1.212,0.15896488,0.053686709,0.053734186,"Oceania"
"Tonga",2018,1.841103111,6.8,1.284,0.157732594,0.056025251,0.056999048,"Oceania"
"Tonga",2019,0.01,3.3,1.239,0.146950092,0,0.054958509,"Oceania"
"Tonga",2014,1.088860952,2.3,1.096,0.143869378,0.033009313,0.048474131,"Oceania"
"Tonga",2020,0.01,0.4,1.66,0.13801602,0,0.074048882,"Oceania"
"Tonga",2015,1.091486406,0.1,1.156,0.137091805,0.033089643,0.051194849,"Oceania"
"Tonga",2016,1.483048753,-0.6,1.162,0.134935305,0.04507006,0.051466921,"Oceania"
"Trinidad and Tobago",2014,16.08999829,5.7,1.779,0.154343808,0.491990833,0.079444973,"North America"
"Trinidad and Tobago",2015,15.51448846,4.7,1.591,0.151263093,0.474382277,0.070920056,"North America"
"Trinidad and Tobago",2016,13.23351455,3.1,2.486,0.146333949,0.404592577,0.111504104,"North America"
"Trinidad and Tobago",2017,13.14249382,1.9,2.572,0.142637092,0.401807666,0.1154038,"North America"
"Trinidad and Tobago",2018,12.77844012,1,2.573,0.139864449,0.390668916,0.115449145,"North America"
"Trinidad and Tobago",2019,0.01,1,2.514,0.139864449,0,0.112773772,"North America"
"Trinidad and Tobago",2020,0.01,0.6,3.111,0.138632163,0,0.139844919,"North America"
"Tunisia",2018,2.592258865,7.3,9.542,0.159272951,0.079007949,0.431460572,"Africa"
"Tunisia",2019,0.01,6.7,10.662,0.157424522,0,0.482247313,"Africa"
"Tunisia",2020,0.01,5.6,11.962,0.154035736,0,0.541196209,"Africa"
"Tunisia",2017,2.614261782,5.3,9.354,0.153111522,0.07968116,0.422935655,"Africa"
"Tunisia",2014,2.605937977,4.6,7.722,0.150955022,0.079426482,0.348932118,"Africa"
"Tunisia",2015,2.653857785,4.4,9.379,0.150338879,0.080892658,0.424069288,"Africa"
"Tunisia",2016,2.564592069,3.6,9.332,0.147874307,0.078161444,0.421938058,"Africa"
"Turkey",2018,5.01541837,16.3,7.914,0.186999384,0.153148023,0.357638417,"Asia"
"Turkey",2019,0.01,15.2,10.386,0.183610598,0,0.469732009,"Asia"
"Turkey",2020,0.01,12.3,10.48,0.174676525,0,0.473994468,"Asia"
"Turkey",2017,5.127196701,11.1,7.699,0.170979667,0.156568043,0.347889176,"Asia"
"Turkey",2014,4.410763371,8.9,7.458,0.164202095,0.134647728,0.336960958,"Asia"
"Turkey",2016,4.692471556,7.8,8.005,0.160813309,0.143266998,0.361764839,"Asia"
"Turkey",2015,4.47717596,7.7,7.691,0.160505237,0.136679717,0.347526414,"Asia"
"Turkmenistan",2018,12.25964817,13.3,4.725,0.17775724,0.374795725,0.213032241,"Asia"
"Turkmenistan",2017,12.49811773,8,4.654,0.161429452,0.382092046,0.209812724,"Asia"
"Turkmenistan",2015,12.95172231,7.4,4.326,0.159581023,0.395970735,0.194939464,"Asia"
"Turkmenistan",2020,0.01,6.1,5.366,0.155576094,0,0.242098581,"Asia"
"Turkmenistan",2014,12.71238222,6,4.176,0.155268022,0.388647779,0.188137668,"Asia"
"Turkmenistan",2019,0.01,5.1,4.76,0.152495379,0,0.214619326,"Asia"
"Turkmenistan",2016,12.71905356,3.6,4.459,0.147874307,0.388851898,0.20097039,"Asia"
"Uganda",2017,0.141862619,5.6,2.068,0.154035736,0.004034528,0.092549766,"Africa"
"Uganda",2016,0.143004244,5.2,1.761,0.15280345,0.004069457,0.078628758,"Africa"
"Uganda",2014,0.128415159,4.3,1.37,0.150030807,0.003623083,0.060898744,"Africa"
"Uganda",2015,0.127140436,3.7,1.568,0.148182378,0.003584081,0.069877114,"Africa"
"Uganda",2020,0.01,2.8,2.595,0.145409735,0,0.116446742,"Africa"
"Uganda",2018,0.143462178,2.5,1.956,0.144485521,0.004083469,0.087471092,"Africa"
"Uganda",2019,0.01,2.1,1.831,0.143253235,0,0.081802929,"Africa"
"Ukraine",2015,4.227086146,48.7,8.843,0.286814541,0.129027857,0.399764204,"Europe"
"Ukraine",2017,3.899968181,14.4,10.301,0.181146026,0.11901921,0.465877658,"Europe"
"Ukraine",2016,4.471757855,13.9,9.617,0.179605669,0.136513943,0.43486147,"Europe"
"Ukraine",2014,5.248479998,12.1,9.524,0.174060382,0.160278881,0.430644357,"Europe"
"Ukraine",2018,4.154180631,10.9,9.442,0.170363524,0.126797208,0.426926042,"Europe"
"Ukraine",2019,0.01,7.9,7.882,0.16112138,0,0.356187367,"Europe"
"Ukraine",2020,0.01,2.7,9.073,0.145101664,0,0.410193624,"Europe"
"United Arab Emirates",2015,20.94809226,4.1,0.791,0.149414664,0.640631254,0.034643813,"Asia"
"United Arab Emirates",2018,20.7974984,3.1,0.93,0.146333949,0.636023616,0.04094681,"Asia"
"United Arab Emirates",2014,19.95185248,2.3,0.912,0.143869378,0.610149855,0.040130594,"Asia"
"United Arab Emirates",2017,21.95061433,2,0.855,0.142945163,0.671304868,0.037545912,"Asia"
"United Arab Emirates",2016,21.30760952,1.6,0.687,0.141712877,0.651631205,0.029927901,"Asia"
"United Arab Emirates",2019,0.01,-1.9,1.068,0.130930376,0,0.047204462,"Asia"
"United Arab Emirates",2020,0.01,-2.1,3.3,0.130314233,0,0.148415182,"Asia"
"United Kingdom",2017,5.546265944,2.7,3.092,0.145101664,0.169390074,0.138983358,"Europe"
"United Kingdom",2018,5.398708138,2.5,2.858,0.144485521,0.164875329,0.128372557,"Europe"
"United Kingdom",2019,0.01,1.8,2.643,0.14232902,0,0.118623317,"Europe"
"United Kingdom",2014,6.421598191,1.5,4.372,0.141404806,0.196172131,0.197025348,"Europe"
"United Kingdom",2020,0.01,0.9,3.328,0.139556377,0,0.14968485,"Europe"
"United Kingdom",2016,5.774741668,0.7,3.419,0.138940234,0.176380619,0.153811273,"Europe"
"United Kingdom",2015,6.148544958,0,3.76,0.136783734,0.187817672,0.169274022,"Europe"
"United States of America",2018,15.24087458,2.4,3.155,0.144177449,0.466010664,0.141840112,"North America"
"United States of America",2017,14.80588242,2.1,3.53,0.143253235,0.452701449,0.158844602,"North America"
"United States of America",2019,0.01,1.8,2.912,0.14232902,0,0.130821203,"North America"
"United States of America",2014,16.02637907,1.6,4.988,0.141712877,0.490044311,0.224958056,"North America"
"United States of America",2016,15.13174682,1.3,3.973,0.140788663,0.462671742,0.178932572,"North America"
"United States of America",2020,0.01,1.3,6.794,0.140788663,0,0.306851676,"North America"
"United States of America",2015,15.53534211,0.1,4.253,0.137091805,0.475020324,0.191629257,"North America"
"Uruguay",2020,0.01,9.8,5.355,0.166974738,0,0.241599782,"South America"
"Uruguay",2016,1.90704875,9.6,3.941,0.166358595,0.058042954,0.177481522,"South America"
"Uruguay",2014,1.911517895,8.9,2.877,0.164202095,0.058179694,0.129234118,"South America"
"Uruguay",2015,1.931411164,8.7,3.753,0.163585952,0.058788357,0.168956605,"South America"
"Uruguay",2019,0.01,7.9,4.331,0.16112138,0,0.195166191,"South America"
"Uruguay",2018,1.890244079,7.6,4.09,0.160197166,0.05752879,0.184237972,"South America"
"Uruguay",2017,1.769167313,6.2,3.983,0.155884165,0.053824271,0.179386025,"South America"
"Uzbekistan",2018,3.401191282,17.5,4.127,0.190696242,0.103758408,0.185915748,"Asia"
"Uzbekistan",2019,0.01,14.5,3.417,0.181454097,0,0.153720582,"Asia"
"Uzbekistan",2017,3.438864292,13.9,4.803,0.179605669,0.104911068,0.216569174,"Asia"
"Uzbekistan",2020,0.01,12.9,3.212,0.176524954,0,0.144424795,"Asia"
"Uzbekistan",2014,3.427109309,9.1,3.929,0.164818238,0.104551408,0.176937378,"Asia"
"Uzbekistan",2016,3.370708901,8.8,4.144,0.163894023,0.102825756,0.186686619,"Asia"
"Uzbekistan",2015,3.24388397,8.5,4.057,0.162969809,0.098945363,0.182741577,"Asia"
"Vanuatu",2020,0.01,5.3,2.486,0.153111522,0,0.111504104,"Oceania"
"Vanuatu",2017,0.595448671,3.1,2.727,0.146333949,0.01791265,0.122432322,"Oceania"
"Vanuatu",2019,0.01,2.7,2.731,0.145101664,0,0.122613703,"Oceania"
"Vanuatu",2015,0.516361276,2.5,2.785,0.144485521,0.015492857,0.12506235,"Oceania"
"Vanuatu",2018,0.615016657,2.4,2.706,0.144177449,0.018511361,0.121480071,"Oceania"
"Vanuatu",2014,0.606317832,0.8,2.762,0.139248306,0.018245208,0.124019408,"Oceania"
"Vanuatu",2016,0.646723626,0.8,2.75,0.139248306,0.019481481,0.123475264,"Oceania"
"Vietnam",2014,1.837890351,4.1,0.707,0.149414664,0.055926952,0.030834807,"Asia"
"Vietnam",2017,2.348081292,3.5,1.101,0.147566235,0.071536983,0.048700857,"Asia"
"Vietnam",2018,2.698805922,3.5,0.687,0.147566235,0.082267911,0.029927901,"Asia"
"Vietnam",2020,0.01,3.2,1.18,0.146642021,0,0.052283136,"Asia"
"Vietnam",2019,0.01,2.8,1.071,0.145409735,0,0.047340498,"Asia"
"Vietnam",2016,2.390740709,2.7,1.068,0.145101664,0.07284221,0.047204462,"Asia"
"Vietnam",2015,2.257300246,0.6,1.105,0.138632163,0.068759405,0.048882238,"Asia"
"Yemen",2018,0.326681763,33.6,11.732,0.240295749,0.009689337,0.530766789,"Asia"
"Yemen",2017,0.361417938,30.4,12.396,0.230437461,0.010752141,0.560876071,"Asia"
"Yemen",2015,0.536269296,22,11.705,0.204559458,0.016101971,0.529542466,"Asia"
"Yemen",2020,0.01,21.7,12.301,0.203635243,0,0.556568267,"Asia"
"Yemen",2016,0.400468047,21.3,12.169,0.202402957,0.011946935,0.550582687,"Asia"
"Yemen",2019,0.01,15.7,11.541,0.185150955,0,0.522105836,"Asia"
"Yemen",2014,1.034329677,8.2,8.398,0.162045595,0.03134085,0.379585544,"Asia"
"Zambia",2016,0.341615023,17.9,5.469,0.191928527,0.010146242,0.246769147,"Africa"
"Zambia",2020,0.01,15.7,3.934,0.185150955,0,0.177164105,"Africa"
"Zambia",2015,0.319282188,10.1,5.341,0.167898953,0.009462936,0.240964948,"Africa"
"Zambia",2019,0.01,9.2,4.026,0.165126309,0,0.181335873,"Africa"
"Zambia",2014,0.311692501,7.8,5.136,0.160813309,0.009230719,0.231669161,"Africa"
"Zambia",2018,0.446065443,7.5,3.796,0.159889094,0.013342054,0.170906453,"Africa"
"Zambia",2017,0.414747987,6.6,5.612,0.157116451,0.012383851,0.253253526,"Africa"
"Zimbabwe",2020,0.01,280.2,6.996,1,0,0.316011427,"Africa"
"Zimbabwe",2019,0.01,200.3,6.362,0.753850893,0,0.287262504,"Africa"
"Zimbabwe",2018,0.849792905,10.6,5.722,0.16943931,0.02569468,0.258241509,"Africa"
"Zimbabwe",2017,0.718570496,0.9,5.287,0.139556377,0.02167974,0.238516302,"Africa"
"Zimbabwe",2014,0.894256225,-0.2,3.677,0.136167591,0.0270551,0.165510361,"Africa"
"Zimbabwe",2016,0.783302583,-1.6,4.843,0.13185459,0.023660312,0.218382986,"Africa"
"Zimbabwe",2015,0.89759836,-2.4,4.325,0.129390018,0.027157357,0.194894119,"Africa"
