country_name,year,co2,inflation,unemployment
Afghanistan,2014,0.234036914,4.67,6.463
Afghanistan,2015,0.232175631,-0.66,6.879
Afghanistan,2016,0.208857196,4.38,7.301
Afghanistan,2017,0.203327569,4.98,7.728
Afghanistan,2018,0.200151071,0.63,7.833
Afghanistan,2019,0.01,2.3,7.961
Afghanistan,2020,0.01,5.44,8.732
Albania,2014,1.806788541,1.6,16.316
Albania,2015,1.759987059,1.9,13.874
Albania,2016,1.714126173,1.3,13.311
Albania,2017,1.948872038,2,11.972
Albania,2018,1.939731563,2,10.201
Albania,2019,0.01,1.4,9.43
Albania,2020,0.01,1.6,10.826
Algeria,2014,3.566208834,2.9,6.491
Algeria,2015,3.674232947,4.8,7.15
Algeria,2016,3.535019927,6.4,6.042
Algeria,2017,3.505747662,5.6,7.369
Algeria,2018,3.591657418,4.3,7.56
Algeria,2019,0.01,2,7.726
Algeria,2020,0.01,2.4,9.19
Angola,2014,1.285364553,7.3,8.104
Angola,2015,1.260920989,9.2,8.691
Angola,2016,1.227702942,30.7,9.277
Angola,2017,1.0343173,29.8,9.814
Angola,2018,0.887380364,19.6,10.292
Angola,2019,0.01,17.1,10.675
Angola,2020,0.01,22.3,10.801
Argentina,2014,4.216360632,0,4.671
Argentina,2015,4.314433522,0,4.871
Argentina,2016,4.227539442,0,5.224
Argentina,2017,4.089471516,25.7,5.389
Argentina,2018,3.987234198,34.3,6.119
Argentina,2019,0.01,53.5,6.84
Argentina,2020,0.01,42,8.48
Armenia,2014,1.881607731,3,11.94
Armenia,2015,1.825292192,3.7,12.393
Armenia,2016,1.726752782,-1.4,12.851
Armenia,2017,1.806581049,1.2,13.303
Armenia,2018,1.880246268,2.5,13.753
Armenia,2019,0.01,1.4,12.634
Armenia,2020,0.01,1.2,13.839
Australia,2014,15.7558761,2.5,4.448
Australia,2015,15.7864494,1.5,4.469
Australia,2016,15.87207954,1.3,4.098
Australia,2017,15.7386474,2,3.989
Australia,2018,15.47551649,1.9,3.85
Australia,2019,0.01,1.6,3.785
Australia,2020,0.01,0.9,5.014
Austria,2014,7.253383781,1.5,5.147
Austria,2015,7.306745266,0.8,5.389
Austria,2016,7.255626516,1,5.631
Austria,2017,7.482751479,2.2,5.299
Austria,2018,7.146637625,2.1,4.503
Austria,2019,0.01,1.5,4.049
Austria,2020,0.01,1.4,4.58
Azerbaijan,2014,3.422100645,1.4,2.872
Azerbaijan,2015,3.333906429,4,2.976
Azerbaijan,2016,3.347061821,12.4,3.08
Azerbaijan,2017,3.244356904,12.9,3.136
Azerbaijan,2018,3.221402183,2.3,3.169
Azerbaijan,2019,0.01,2.6,3.382
Azerbaijan,2020,0.01,2.8,5.121
Bahamas,2014,7.069139966,1.2,10.061
Bahamas,2015,6.333511491,1.9,8.713
Bahamas,2016,5.794831222,-0.3,8.878
Bahamas,2017,5.631972841,1.5,6.461
Bahamas,2018,5.86046391,2.3,7.432
Bahamas,2019,0.01,2.5,7.394
Bahamas,2020,0.01,0,9.942
Bahrain,2014,22.61852459,2.6,0.205
Bahrain,2015,22.30559688,1.8,0.214
Bahrain,2016,21.18119531,2.8,0.237
Bahrain,2017,20.33362404,1.4,0.245
Bahrain,2018,19.59297584,2.1,0.252
Bahrain,2019,0.01,1,0.269
Bahrain,2020,0.01,-2.3,0.706
Bangladesh,2014,0.412898523,7.3,1.515
Bangladesh,2015,0.458797539,6.4,1.528
Bangladesh,2016,0.466776363,5.9,1.544
Bangladesh,2017,0.492906613,5.4,1.677
Bangladesh,2018,0.512837314,5.8,1.684
Bangladesh,2019,0.01,5.5,1.692
Bangladesh,2020,0.01,5.6,2.38
Barbados,2014,4.529096814,1.8,9.329
Barbados,2015,4.52112839,-1.1,8.275
Barbados,2016,4.583656989,1.5,5.737
Barbados,2017,4.192447306,4.4,6.256
Barbados,2018,4.360870779,-44.4,5.918
Barbados,2019,0.01,2.3,6.772
Barbados,2020,0.01,0.5,8.128
Belarus,2014,6.294110768,18.1,6.898
Belarus,2015,5.801665688,13.5,6.924
Belarus,2016,5.83037177,11.8,6.935
Belarus,2017,5.945667132,6,6.839
Belarus,2018,6.283647736,4.9,5.297
Belarus,2019,0.01,5.6,4.418
Belarus,2020,0.01,5.5,3.959
Belgium,2014,8.043495541,0.5,7.697
Belgium,2015,8.444061111,0.6,7.77
Belgium,2016,8.323756718,1.8,6.928
Belgium,2017,8.155491115,2.2,6.059
Belgium,2018,8.179711061,2.3,5.471
Belgium,2019,0.01,1.3,4.863
Belgium,2020,0.01,0.4,4.948
Belize,2014,1.386664252,1.2,2.499
Belize,2015,1.828629691,-0.9,3.684
Belize,2016,1.764391326,0.7,2.409
Belize,2017,1.729758499,1.1,3.157
Belize,2018,1.775127848,0.3,3.549
Belize,2019,0.01,0.2,3.831
Belize,2020,0.01,0.1,4.887
Benin,2014,0.535635874,-1.1,1.088
Benin,2015,0.566378737,0.2,1.12
Benin,2016,0.665006634,-0.8,1.182
Benin,2017,0.65860166,1.8,1.121
Benin,2018,0.688722324,0.8,0.883
Benin,2019,0.01,-0.9,0.799
Benin,2020,0.01,3,1.059
Bhutan,2014,1.307274985,9.6,1.22
Bhutan,2015,1.31888966,6.7,1.097
Bhutan,2016,1.669594112,3.3,1.17
Bhutan,2017,1.783886808,4.3,1.26
Bhutan,2018,1.829277992,3.7,1.361
Bhutan,2019,0.01,2.8,1.535
Bhutan,2020,0.01,3,2.801
Bolivia,2014,1.883899311,5.8,0.913
Bolivia,2015,1.877691189,4.1,1.844
Bolivia,2016,1.958878597,3.6,2.402
Bolivia,2017,1.987875656,2.8,2.735
Bolivia,2018,2.000327663,2.3,2.653
Bolivia,2019,0.01,1.8,2.681
Bolivia,2020,0.01,0.9,4.336
Bosnia and Herzegovina,2014,5.597187449,-0.9,21.256
Bosnia and Herzegovina,2015,5.718264797,-1,21.65
Bosnia and Herzegovina,2016,6.597243038,-1.6,19.105
Bosnia and Herzegovina,2017,6.758099426,0.8,15.987
Bosnia and Herzegovina,2018,6.781131607,1.4,15.054
Bosnia and Herzegovina,2019,0.01,0.6,11.685
Bosnia and Herzegovina,2020,0.01,-1.1,12.304
Botswana,2014,3.413738935,4.4,12.367
Botswana,2015,3.399795164,3.1,13.025
Botswana,2016,3.296410755,2.8,13.669
Botswana,2017,3.569037983,3.3,14.247
Botswana,2018,3.64230522,3.2,14.46
Botswana,2019,0.01,2.7,15.123
Botswana,2020,0.01,1.9,15.89
Brazil,2014,2.499362016,6.3,3.886
Brazil,2015,2.347365731,9,5.138
Brazil,2016,2.143497524,8.7,7.158
Brazil,2017,2.164421504,3.4,8.15
Brazil,2018,2.041874199,3.7,7.714
Brazil,2019,0.01,3.7,7.228
Brazil,2020,0.01,3.2,8.836
Brunei,2014,17.00920986,-0.2,3.39
Brunei,2015,14.41262527,-0.5,4.16
Brunei,2016,15.26950316,-0.3,4.934
Brunei,2017,15.80753909,-1.3,5.707
Brunei,2018,16.64490862,1,4.363
Brunei,2019,0.01,-0.4,3.89
Brunei,2020,0.01,1.9,3.997
Bulgaria,2014,5.845841977,-1.6,11.512
Bulgaria,2015,6.225976043,-1.1,9.032
Bulgaria,2016,5.855926256,-1.3,7.555
Bulgaria,2017,6.223901903,1.2,5.936
Bulgaria,2018,5.854773434,2.6,5.296
Bulgaria,2019,0.01,2.5,4.299
Bulgaria,2020,0.01,1.2,4.994
Burkina Faso,2014,0.171727227,-0.3,3.089
Burkina Faso,2015,0.187735194,1.7,3.344
Burkina Faso,2016,0.187704296,0.4,3.482
Burkina Faso,2017,0.212053871,1.5,3.536
Burkina Faso,2018,0.216186485,2,3.548
Burkina Faso,2019,0.01,-3.2,3.57
Burkina Faso,2020,0.01,1.9,4.021
Burundi,2014,0.03961683,4.4,1.435
Burundi,2015,0.040354196,5.6,1.38
Burundi,2016,0.043859641,5.5,1.221
Burundi,2017,0.052646114,16.6,1.077
Burundi,2018,0.05279463,-2.8,0.934
Burundi,2019,0.01,-0.7,0.794
Burundi,2020,0.01,7.3,0.793
Cabo Verde,2014,0.964736936,-0.2,7.929
Cabo Verde,2015,0.952852841,0.1,8.085
Cabo Verde,2016,1.035508529,-1.4,8.171
Cabo Verde,2017,1.097676461,0.8,8.285
Cabo Verde,2018,1.140200528,1.3,10.393
Cabo Verde,2019,0.01,1.1,10.452
Cabo Verde,2020,0.01,0.6,12.911
Cambodia,2014,0.434056591,3.9,0.559
Cambodia,2015,0.55278394,1.2,0.269
Cambodia,2016,0.627921978,3,0.464
Cambodia,2017,0.710207176,2.9,0.059
Cambodia,2018,0.686777895,2.5,0.048
Cambodia,2019,0.01,1.9,0.036
Cambodia,2020,0.01,2.9,0.069
Cameroon,2014,0.341682842,1.9,2.227
Cameroon,2015,0.343800787,2.7,2.216
Cameroon,2016,0.357343635,0.9,2.236
Cameroon,2017,0.338678511,0.6,2.294
Cameroon,2018,0.341842908,1.1,2.342
Cameroon,2019,0.01,2.5,2.376
Cameroon,2020,0.01,2.5,2.686
Canada,2014,15.85413843,1.9,6.236
Canada,2015,15.65138616,1.1,6.324
Canada,2016,15.24474718,1.4,6.627
Canada,2017,15.38529105,1.6,5.906
Canada,2018,15.49702527,2.3,5.165
Canada,2019,0.01,1.9,5.097
Canada,2020,0.01,0.7,8.072
Central African Republic,2014,0.067201727,17.8,3.406
Central African Republic,2015,0.06899359,1.4,3.555
Central African Republic,2016,0.068316804,4.9,3.626
Central African Republic,2017,0.067449619,4.2,3.681
Central African Republic,2018,0.070718706,1.6,3.667
Central African Republic,2019,0.01,2.8,3.706
Central African Republic,2020,0.01,0.9,4.08
Chad,2014,0.068796116,1.7,0.838
Chad,2015,0.06874084,4.8,0.894
Chad,2016,0.070046969,-1.6,1.019
Chad,2017,0.067924102,-0.9,1.144
Chad,2018,0.069131598,4,1.162
Chad,2019,0.01,-1,1.051
Chad,2020,0.01,4.5,2.034
Chile,2014,4.301488448,4.7,5.174
Chile,2015,4.561654853,4.3,4.961
Chile,2016,4.73170736,3.8,5.344
Chile,2017,4.712395783,2.2,5.522
Chile,2018,4.624872245,2.3,5.602
Chile,2019,0.01,2.2,5.545
Chile,2020,0.01,3,9.691
China,2014,7.212791393,2.1,4.167
China,2015,7.124222747,1.5,4.233
China,2016,7.071898486,2.1,4.189
China,2017,7.174947984,1.5,4.132
China,2018,7.352262682,1.9,4.064
China,2019,0.01,2.9,4.264
China,2020,0.01,2.5,4.61
Colombia,2014,1.699465586,2.9,5.221
Colombia,2015,1.705152834,5,5.216
Colombia,2016,1.738659399,7.5,5.458
Colombia,2017,1.555106166,4.3,5.616
Colombia,2018,1.600650618,3.2,5.797
Colombia,2019,0.01,3.5,6.617
Colombia,2020,0.01,2.5,11.099
Comoros,2014,0.210695427,0,3.803
Comoros,2015,0.23153061,0.9,3.912
Comoros,2016,0.251383552,0.8,3.993
Comoros,2017,0.307166816,0.1,3.987
Comoros,2018,0.312379103,1.7,3.962
Comoros,2019,0.01,3.7,4.067
Comoros,2020,0.01,0.8,4.901
Congo (Kinshasa),2014,0.861310987,1.2,12.935
Congo (Kinshasa),2015,0.70838841,0.7,13.387
Congo (Kinshasa),2016,0.672556252,3.2,13.75
Congo (Kinshasa),2017,0.630050555,35.7,14.147
Congo (Kinshasa),2018,0.613992586,29.3,14.219
Congo (Kinshasa),2019,0.01,4.7,13.884
Congo (Kinshasa),2020,0.01,11.4,15.32
Costa Rica,2014,1.632818186,4.5,4.411
Costa Rica,2015,1.555343088,0.8,4.823
Costa Rica,2016,1.649203076,0,4.798
Costa Rica,2017,1.652540276,1.6,4.511
Costa Rica,2018,1.652184053,2.2,5.045
Costa Rica,2019,0.01,2.1,5.439
Costa Rica,2020,0.01,0.7,10.022
Croatia,2014,3.855238394,0.2,13.466
Croatia,2015,3.968023629,-0.3,12.915
Croatia,2016,4.058117805,-0.6,10.371
Croatia,2017,4.238057612,1.3,8.827
Croatia,2018,4.055928762,1.6,6.455
Croatia,2019,0.01,0.8,5.316
Croatia,2020,0.01,0,6.336
Cuba,2014,2.377307538,0.5,1.876
Cuba,2015,2.427420867,1.2,1.774
Cuba,2016,2.509901097,0.6,1.473
Cuba,2017,2.262053371,0.6,1.361
Cuba,2018,2.202300094,0.6,1.277
Cuba,2019,0.01,0.8,0.946
Cuba,2020,0.01,2.4,1.078
Cyprus,2014,5.857864769,-0.3,14.852
Cyprus,2015,5.839858672,-1.5,13.217
Cyprus,2016,6.110124091,-1.2,11.447
Cyprus,2017,6.188092584,0.7,9.678
Cyprus,2018,6.079400502,0.8,6.706
Cyprus,2019,0.01,0.6,5.301
Cyprus,2020,0.01,-1.1,6.343
Czechia,2014,9.477122227,0.3,4.323
Czechia,2015,9.575140818,0.3,3.703
Czechia,2016,9.734693175,0.7,2.907
Czechia,2017,9.761725917,2.5,1.997
Czechia,2018,9.640704998,2.1,1.51
Czechia,2019,0.01,2.8,1.51
Czechia,2020,0.01,3.2,1.941
Denmark,2014,6.336521381,0.4,5.284
Denmark,2015,5.911867775,0.2,4.893
Denmark,2016,6.176665194,0,4.352
Denmark,2017,5.78145978,1.1,4.421
Denmark,2018,5.761494164,0.7,3.817
Denmark,2019,0.01,0.7,3.891
Denmark,2020,0.01,0.3,4.178
Djibouti,2014,0.511846464,1.3,15.562
Djibouti,2015,0.590810921,-0.8,15.532
Djibouti,2016,0.52738245,2.7,15.497
Djibouti,2017,0.49782862,0.6,15.62
Djibouti,2018,0.510989933,0.1,15.791
Djibouti,2019,0.01,3.3,15.916
Djibouti,2020,0.01,1.8,17.051
Dominican Republic,2014,2.097355463,3,3.806
Dominican Republic,2015,2.280756783,0.8,3.858
Dominican Republic,2016,2.352434731,1.6,3.393
Dominican Republic,2017,2.224840963,3.3,3.03
Dominican Republic,2018,2.363757648,3.6,2.212
Dominican Republic,2019,0.01,1.8,2.311
Dominican Republic,2020,0.01,3.8,2.713
Ecuador,2014,2.582775445,3.6,2.093
Ecuador,2015,2.511716305,4,2.119
Ecuador,2016,2.365516075,1.7,2.794
Ecuador,2017,2.249579931,0.4,2.302
Ecuador,2018,2.3138123,-0.2,2.183
Ecuador,2019,0.01,0.3,2.511
Ecuador,2020,0.01,-0.3,4.603
Egypt,2014,2.395917008,10.1,5.778
Egypt,2015,2.444220788,11,4.975
Egypt,2016,2.477154638,10.2,4.696
Egypt,2017,2.474943902,23.5,4.44
Egypt,2018,2.502042142,20.9,4.932
Egypt,2019,0.01,13.9,3.455
Egypt,2020,0.01,5.7,4.738
El Salvador,2014,1.046841968,1.1,3.232
El Salvador,2015,1.106698196,-0.7,3.162
El Salvador,2016,1.128043653,0.6,3.371
El Salvador,2017,0.998728265,1,3.389
El Salvador,2018,1.060625411,1.1,2.978
El Salvador,2019,0.01,0.1,2.809
El Salvador,2020,0.01,-0.4,3.415
Equatorial Guinea,2014,7.20858472,4.3,6.006
Equatorial Guinea,2015,6.110005776,1.7,6.193
Equatorial Guinea,2016,4.608366984,1.4,6.335
Equatorial Guinea,2017,4.461144462,0.7,6.472
Equatorial Guinea,2018,5.095625096,1.3,6.473
Equatorial Guinea,2019,0.01,1.2,6.557
Equatorial Guinea,2020,0.01,4.8,7.174
Eritrea,2014,0.205348482,8.4,3.23
Eritrea,2015,0.194446721,28.5,3.356
Eritrea,2016,0.195465323,-5.6,3.433
Eritrea,2017,0.210964653,-13.3,3.476
Eritrea,2018,0.231696216,-14.4,3.418
Eritrea,2019,0.01,1.3,3.406
Eritrea,2020,0.01,0,3.72
Estonia,2014,13.55602128,0.5,6.78
Estonia,2015,11.68459648,0.1,5.484
Estonia,2016,11.89399524,0.8,6.613
Estonia,2017,12.35782429,3.7,5.433
Estonia,2018,12.103085,3.4,4.754
Estonia,2019,0.01,2.3,3.505
Estonia,2020,0.01,-0.6,6.07
Eswatini,2014,0.876694715,5.7,17.062
Eswatini,2015,0.932938902,5,16.95
Eswatini,2016,1.104135211,7.8,16.843
Eswatini,2017,0.924602243,6.2,16.934
Eswatini,2018,0.959275668,4.8,17.061
Eswatini,2019,0.01,2.6,17.111
Eswatini,2020,0.01,3.9,19.1
Ethiopia,2014,0.125695423,7.4,1.224
Ethiopia,2015,0.127732852,9.6,1.236
Ethiopia,2016,0.144300199,6.6,1.276
Ethiopia,2017,0.145300853,10.7,1.313
Ethiopia,2018,0.149050931,13.8,1.383
Ethiopia,2019,0.01,15.8,1.428
Ethiopia,2020,0.01,20.4,2.225
Fiji,2014,1.511921676,0.5,2.4
Fiji,2015,1.738365614,1.4,2.231
Fiji,2016,1.99448422,3.9,2.107
Fiji,2017,2.062772092,3.3,2.13
Fiji,2018,2.150561976,4.1,2.153
Fiji,2019,0.01,1.8,2.187
Fiji,2020,0.01,-2.6,2.452
Finland,2014,8.451871936,1.2,7.469
Finland,2015,7.814537412,-0.2,7.804
Finland,2016,8.318012674,0.4,7.347
Finland,2017,7.808338601,0.8,7.261
Finland,2018,8.04275205,1.2,6.161
Finland,2019,0.01,1.1,5.643
Finland,2020,0.01,0.4,6.065
France,2014,4.592376829,0.6,8.944
France,2015,4.666086597,0.1,9.161
France,2016,4.686612202,0.3,8.703
France,2017,4.727575622,1.2,7.965
France,2018,4.619241205,2.1,7.579
France,2019,0.01,1.3,7.143
France,2020,0.01,0.5,6.783
Gabon,2014,2.919628984,4.5,12.316
Gabon,2015,2.813589432,-0.1,12.417
Gabon,2016,2.843792613,2.1,12.596
Gabon,2017,2.276236287,2.7,12.785
Gabon,2018,2.175272204,4.8,12.936
Gabon,2019,0.01,2,12.873
Gabon,2020,0.01,1.7,13.736
Gambia,2014,0.2569123,6.3,5.686
Gambia,2015,0.254091837,6.8,5.376
Gambia,2016,0.246610961,7.2,5.055
Gambia,2017,0.243913456,8,4.514
Gambia,2018,0.249989913,6.5,4.101
Gambia,2019,0.01,7.1,3.997
Gambia,2020,0.01,5.9,4.849
Georgia,2014,2.277240447,3.1,16.987
Georgia,2015,2.469615674,4,16.599
Georgia,2016,2.58886306,2.1,17.817
Georgia,2017,2.583151735,6,13.603
Georgia,2018,2.538541691,2.6,12.426
Georgia,2019,0.01,4.9,10.983
Georgia,2020,0.01,5.2,11.059
Germany,2014,9.10678233,0.8,4.925
Germany,2015,9.087290939,0.7,4.643
Germany,2016,9.073006389,0.4,4.076
Germany,2017,8.858293699,1.7,3.744
Germany,2018,8.558389812,1.9,3.421
Germany,2019,0.01,1.4,3.142
Germany,2020,0.01,0.4,3.847
Ghana,2014,0.527833773,15.5,3.118
Ghana,2015,0.543283052,17.2,5.105
Ghana,2016,0.495401526,17.5,3.994
Ghana,2017,0.507529429,12.4,2.493
Ghana,2018,0.541201382,9.8,2.395
Ghana,2019,0.01,7.1,2.325
Ghana,2020,0.01,9.9,2.573
Greece,2014,6.385178381,-1.4,22.08
Greece,2015,6.285069342,-1.1,20.221
Greece,2016,6.203617289,0,18.336
Greece,2017,6.211250006,1.1,16.412
Greece,2018,6.08317505,0.8,14.02
Greece,2019,0.01,0.5,12.649
Greece,2020,0.01,-1.3,12.277
Guatemala,2014,0.911388475,3.4,1.443
Guatemala,2015,1.049628073,2.4,1.209
Guatemala,2016,1.103130021,4.4,1.159
Guatemala,2017,1.026267857,4.4,1.195
Guatemala,2018,1.113969273,3.8,1.305
Guatemala,2019,0.01,3.7,0.986
Guatemala,2020,0.01,3.2,1.81
Guinea,2014,0.200879385,9.7,5.215
Guinea,2015,0.222181479,8.2,5.371
Guinea,2016,0.241088377,8.2,4.946
Guinea,2017,0.246115273,8.9,4.588
Guinea,2018,0.251323233,9.8,4.476
Guinea,2019,0.01,9.5,4.777
Guinea,2020,0.01,10.6,5.97
Guinea-Bissau,2014,0.165442295,-1,3.728
Guinea-Bissau,2015,0.161178259,1.5,3.557
Guinea-Bissau,2016,0.168309177,2.7,3.495
Guinea-Bissau,2017,0.164100679,-0.2,3.395
Guinea-Bissau,2018,0.165394728,0.4,3.497
Guinea-Bissau,2019,0.01,0.3,3.537
Guinea-Bissau,2020,0.01,1.5,4.215
Guyana,2014,2.698556796,0.7,8.553
Guyana,2015,2.671242962,-0.9,8.899
Guyana,2016,2.994698994,0.8,9.173
Guyana,2017,2.992706568,1.9,9.423
Guyana,2018,3.13219265,1.3,9.635
Guyana,2019,0.01,2.1,9.294
Guyana,2020,0.01,1.2,11.187
Haiti,2014,0.290074696,3.2,7.765
Haiti,2015,0.31040976,5.3,7.722
Haiti,2016,0.313653831,11.4,7.838
Haiti,2017,0.306855526,10.6,7.842
Haiti,2018,0.299374738,11.4,7.899
Haiti,2019,0.01,17.3,8.016
Haiti,2020,0.01,22.9,9.244
Honduras,2014,1.056324778,6.1,4.355
Honduras,2015,1.083079554,3.2,3.618
Honduras,2016,1.013936886,2.7,4.226
Honduras,2017,0.954500448,3.9,2.812
Honduras,2018,1.019032757,4.3,3.473
Honduras,2019,0.01,4.4,3.003
Honduras,2020,0.01,3.5,7.656
Hungary,2014,4.117988322,-0.2,6.493
Hungary,2015,4.407180392,-0.1,5.605
Hungary,2016,4.532290173,0.4,4.429
Hungary,2017,4.755839977,2.4,3.311
Hungary,2018,4.745506244,2.8,2.946
Hungary,2019,0.01,3.4,2.652
Hungary,2020,0.01,3.3,3.466
Iceland,2014,6.261721637,2,3.353
Iceland,2015,6.227045327,1.6,2.49
Iceland,2016,6.171017681,1.7,2.141
Iceland,2017,6.319161328,1.8,1.588
Iceland,2018,6.237224322,2.7,2.146
Iceland,2019,0.01,3,2.431
Iceland,2020,0.01,2.8,4.745
India,2014,1.649327519,5.8,4.994
India,2015,1.641198393,4.9,4.803
India,2016,1.648359053,4.5,4.62
India,2017,1.7191902,3.6,4.446
India,2018,1.799825446,3.4,4.28
India,2019,0.01,4.8,3.819
India,2020,0.01,6.2,5.431
Indonesia,2014,1.920799967,6.4,1.986
Indonesia,2015,1.899658692,6.4,2.207
Indonesia,2016,1.89244089,3.5,2.454
Indonesia,2017,2.01367107,3.8,2.016
Indonesia,2018,2.178461553,3.3,2.335
Indonesia,2019,0.01,2.8,1.944
Indonesia,2020,0.01,2,2.713
Iran,2014,7.88309479,15.6,7.092
Iran,2015,7.672481325,11.9,7.653
Iran,2016,7.613494401,9.1,8.741
Iran,2017,7.694930979,9.6,8.563
Iran,2018,7.693012599,30.2,8.881
Iran,2019,0.01,34.7,7.591
Iran,2020,0.01,36.4,7.196
Iraq,2014,4.906435262,2.2,5.46
Iraq,2015,4.559450509,1.4,5.332
Iraq,2016,4.70764886,0.5,5.058
Iraq,2017,4.641199885,0.2,6.831
Iraq,2018,4.895195361,0.4,7.2
Iraq,2019,0.01,-0.2,7.643
Iraq,2020,0.01,0.6,8.975
Ireland,2014,7.632456943,0.3,10.823
Ireland,2015,7.866937107,0,9.037
Ireland,2016,8.140330807,-0.2,7.542
Ireland,2017,7.806734135,0.3,5.929
Ireland,2018,7.624325193,0.7,4.614
Ireland,2019,0.01,0.9,4.003
Ireland,2020,0.01,-0.5,4.427
Israel,2014,7.876383023,0.5,4.938
Israel,2015,7.892507249,-0.6,4.321
Israel,2016,7.636321086,-0.5,3.918
Israel,2017,7.579217977,0.2,3.563
Israel,2018,6.976403837,0.8,3.417
Israel,2019,0.01,0.8,3.205
Israel,2020,0.01,-0.6,3.836
Italy,2014,5.387310957,0.2,9.828
Italy,2015,5.56325971,0.1,9.479
Italy,2016,5.498165205,-0.1,9.208
Italy,2017,5.437857549,1.3,8.863
Italy,2018,5.376374339,1.2,8.405
Italy,2019,0.01,0.6,7.878
Italy,2020,0.01,-0.1,7.166
Jamaica,2014,2.573790397,8.3,4.757
Jamaica,2015,2.521597884,3.7,4.455
Jamaica,2016,2.666674007,2.3,4.142
Jamaica,2017,2.461613887,4.4,3.529
Jamaica,2018,2.899634155,3.7,2.69
Jamaica,2019,0.01,3.9,2.6
Jamaica,2020,0.01,5.2,4.093
Japan,2014,9.584053553,2.8,3.515
Japan,2015,9.292832367,0.8,3.444
Japan,2016,9.22394197,-0.1,3.169
Japan,2017,9.085639143,0.5,2.813
Japan,2018,8.74225771,1,2.535
Japan,2019,0.01,0.5,2.362
Japan,2020,0.01,0,2.849
Jordan,2014,2.869212997,3,5.857
Jordan,2015,2.73671831,-1.1,6.505
Jordan,2016,2.601973606,-0.6,8.189
Jordan,2017,2.667119021,3.6,11.633
Jordan,2018,2.478595273,4.5,12.24
Jordan,2019,0.01,0.7,11.112
Jordan,2020,0.01,0.4,13.369
Kazakhstan,2014,11.87104447,6.7,4.598
Kazakhstan,2015,11.77918743,6.7,4.495
Kazakhstan,2016,12.5333995,14.6,4.54
Kazakhstan,2017,12.50486756,7.4,4.501
Kazakhstan,2018,12.06196914,6,4.441
Kazakhstan,2019,0.01,5.2,4.38
Kazakhstan,2020,0.01,6.8,4.559
Kenya,2014,0.321841108,6.9,1.345
Kenya,2015,0.356946384,6.6,1.348
Kenya,2016,0.3826588,6.3,1.347
Kenya,2017,0.376136379,8,1.989
Kenya,2018,0.358028408,4.7,2.585
Kenya,2019,0.01,5.2,3.165
Kenya,2020,0.01,5.3,3.294
"Korea, South",2014,11.54755823,1.3,2.828
"Korea, South",2015,11.88886857,0.7,3.234
"Korea, South",2016,12.00324817,1,3.36
"Korea, South",2017,12.17536474,1.9,3.432
"Korea, South",2018,12.22459136,1.5,3.601
"Korea, South",2019,0.01,0.4,3.556
"Korea, South",2020,0.01,0.5,3.575
Kuwait,2014,22.64464409,2.1,1.099
Kuwait,2015,22.9534559,0.6,0.682
Kuwait,2016,22.71496959,1.9,0.553
Kuwait,2017,22.11975932,0.4,0.57
Kuwait,2018,21.62272431,0.6,0.575
Kuwait,2019,0.01,-1.8,0.593
Kuwait,2020,0.01,2.6,1.385
Kyrgyzstan,2014,1.663953389,2.9,2.516
Kyrgyzstan,2015,1.7240511,3.3,2.617
Kyrgyzstan,2016,1.595525948,2.9,2.726
Kyrgyzstan,2017,1.506889097,1.6,2.822
Kyrgyzstan,2018,1.73973556,0.6,2.908
Kyrgyzstan,2019,0.01,1.1,3.181
Kyrgyzstan,2020,0.01,2.1,3.651
Laos,2014,0.665686411,4.1,1.761
Laos,2015,1.284645373,1.3,2.139
Laos,2016,2.243695741,1.6,2.535
Laos,2017,2.662148349,0.8,2.936
Laos,2018,2.660908493,2,2.998
Laos,2019,0.01,3.3,3.083
Laos,2020,0.01,5.1,3.756
Latvia,2014,3.651352054,0.7,11.022
Latvia,2015,3.701592949,0.2,10.372
Latvia,2016,3.648821125,0.1,9.908
Latvia,2017,3.665855236,2.9,9.01
Latvia,2018,3.959165078,2.6,8.074
Latvia,2019,0.01,2.7,6.647
Latvia,2020,0.01,0.1,8.735
Lebanon,2014,3.983359969,1.1,5.151
Lebanon,2015,4.140719561,-3.8,5.527
Lebanon,2016,4.141917802,-0.8,5.895
Lebanon,2017,4.293649871,4.5,6.224
Lebanon,2018,4.039707217,6.1,6.526
Lebanon,2019,0.01,2.9,6.916
Lebanon,2020,0.01,84.9,8.634
Lesotho,2014,1.130442272,5.4,13.402
Lesotho,2015,1.083044238,3.2,13.639
Lesotho,2016,1.093954288,6.6,13.545
Lesotho,2017,1.166608974,4.4,13.89
Lesotho,2018,1.218975994,4.8,14.121
Lesotho,2019,0.01,5.2,14.328
Lesotho,2020,0.01,5,15.882
Liberia,2014,0.279848093,9.9,2.496
Liberia,2015,0.281738703,7.7,3.302
Liberia,2016,0.307404659,8.8,4.196
Liberia,2017,0.267958311,12.4,4.172
Liberia,2018,0.273917114,23.5,4.158
Liberia,2019,0.01,27,4.177
Liberia,2020,0.01,17,5.934
Libya,2014,9.383784035,2.4,13.361
Libya,2015,8.388494488,10,13.637
Libya,2016,7.883354692,25.9,13.425
Libya,2017,8.632790044,25.9,13.05
Libya,2018,8.825249137,14,12.938
Libya,2019,0.01,-2.9,13.056
Libya,2020,0.01,1.5,13.75
Lithuania,2014,3.703492776,0.2,11.338
Lithuania,2015,3.810789319,-0.7,9.483
Lithuania,2016,3.904845879,0.7,8.397
Lithuania,2017,3.966902878,3.7,7.911
Lithuania,2018,4.137005929,2.5,6.433
Lithuania,2019,0.01,2.2,6.42
Lithuania,2020,0.01,1.1,8.284
Luxembourg,2014,17.3461629,0.7,4.535
Luxembourg,2015,16.02867957,0.1,4.983
Luxembourg,2016,15.22300151,0,5.002
Luxembourg,2017,15.09216281,2.1,4.614
Luxembourg,2018,15.33020808,2,4.439
Luxembourg,2019,0.01,1.7,4.579
Luxembourg,2020,0.01,0,5.173
Madagascar,2014,0.129292637,6.1,0.746
Madagascar,2015,0.136997154,7.4,0.935
Madagascar,2016,0.129346515,6.1,0.922
Madagascar,2017,0.13687642,8.6,0.923
Madagascar,2018,0.128320761,8.6,0.929
Madagascar,2019,0.01,5.6,0.932
Madagascar,2020,0.01,4.2,1.323
Malawi,2014,0.067527955,23.8,3.148
Malawi,2015,0.071661878,21.9,3.124
Malawi,2016,0.079045626,21.7,3.174
Malawi,2017,0.084888716,11.5,3.204
Malawi,2018,0.086533726,9.2,3.153
Malawi,2019,0.01,9.4,3.076
Malawi,2020,0.01,8.6,3.772
Malaysia,2014,7.757158614,3.1,1.437
Malaysia,2015,7.682279042,2.1,1.529
Malaysia,2016,7.451282159,2.1,1.825
Malaysia,2017,7.165808462,3.8,1.833
Malaysia,2018,7.600220413,1,1.779
Malaysia,2019,0.01,0.7,1.89
Malaysia,2020,0.01,-1.1,3.209
Maldives,2014,3.126307417,2.4,3.928
Maldives,2015,2.967593875,1.4,3.695
Maldives,2016,3.680297789,0.8,3.432
Maldives,2017,3.666412838,2.3,3.258
Maldives,2018,3.703674976,1.4,3.057
Maldives,2019,0.01,1.3,2.843
Maldives,2020,0.01,-1.6,3.819
Mali,2014,0.184242397,0.9,1.298
Mali,2015,0.195541292,1.4,1.15
Mali,2016,0.24602782,-1.8,1.079
Mali,2017,0.272789703,2.4,1.204
Mali,2018,0.294583928,1.9,1.34
Mali,2019,0.01,-3,1.686
Mali,2020,0.01,0.5,2.522
Malta,2014,5.407793666,0.8,5.057
Malta,2015,3.70742361,1.2,4.316
Malta,2016,2.964713323,0.9,3.62
Malta,2017,3.247870188,1.3,2.927
Malta,2018,3.198316241,1.7,2.886
Malta,2019,0.01,1.5,2.532
Malta,2020,0.01,0.8,3.28
Mauritania,2014,0.641075542,3.8,7.477
Mauritania,2015,0.729060397,0.5,7.567
Mauritania,2016,0.674907747,1.5,7.776
Mauritania,2017,0.887315176,2.3,7.842
Mauritania,2018,0.908407126,3.1,6.814
Mauritania,2019,0.01,2.3,5.637
Mauritania,2020,0.01,2.4,6.127
Mauritius,2014,3.132598534,3.2,3.308
Mauritius,2015,3.136372817,1.3,2.968
Mauritius,2016,3.197535681,1,2.688
Mauritius,2017,3.305359031,3.7,2.755
Mauritius,2018,3.264040313,3.2,2.222
Mauritius,2019,0.01,0.5,2.443
Mauritius,2020,0.01,2.5,5.955
Mexico,2014,3.808063465,4,3.834
Mexico,2015,3.87819451,2.7,3.396
Mexico,2016,3.885809372,2.8,3.084
Mexico,2017,3.781215828,6,2.657
Mexico,2018,3.741477725,4.9,2.483
Mexico,2019,0.01,3.6,2.748
Mexico,2020,0.01,3.4,4.028
Moldova,2014,2.698682161,5.1,1.773
Moldova,2015,2.829393233,9.6,2.078
Moldova,2016,2.904891566,6.4,2.087
Moldova,2017,2.961717622,6.5,1.725
Moldova,2018,3.171832063,3.6,1.286
Moldova,2019,0.01,4.8,1.664
Moldova,2020,0.01,3.8,1.276
Mongolia,2014,6.16303262,12.9,4.09
Mongolia,2015,5.769680363,6.8,4.412
Mongolia,2016,5.944984194,0.7,6.824
Mongolia,2017,6.252834169,4.3,6.004
Mongolia,2018,6.725098053,6.8,4.545
Mongolia,2019,0.01,7.3,4.781
Mongolia,2020,0.01,3.7,5.64
Montenegro,2014,3.570222415,-0.7,15.846
Montenegro,2015,3.793242563,1.5,15.36
Montenegro,2016,3.390631252,-0.3,16.152
Montenegro,2017,3.583060319,2.4,13.756
Montenegro,2018,4.049968902,2.6,13.182
Montenegro,2019,0.01,0.4,13.328
Montenegro,2020,0.01,-0.2,15.687
Morocco,2014,1.78870378,0.4,7.255
Morocco,2015,1.821795354,1.4,7.086
Morocco,2016,1.795806751,1.5,6.591
Morocco,2017,1.852941845,0.7,6.972
Morocco,2018,1.850726784,1.6,7.077
Morocco,2019,0.01,0.2,7.081
Morocco,2020,0.01,0.7,9.092
Mozambique,2014,0.170051257,2.6,1.411
Mozambique,2015,0.208564448,3.6,1.401
Mozambique,2016,0.208049391,17.4,1.45
Mozambique,2017,0.210129447,15.1,1.511
Mozambique,2018,0.225115201,3.9,1.569
Mozambique,2019,0.01,2.8,1.603
Mozambique,2020,0.01,3.1,1.868
Myanmar,2014,0.325932174,5.7,0.45
Myanmar,2015,0.360853051,7.3,0.468
Myanmar,2016,0.412666941,9.1,0.533
Myanmar,2017,0.588207515,4.6,0.638
Myanmar,2018,0.605492803,5.9,0.413
Myanmar,2019,0.01,8.6,0.188
Myanmar,2020,0.01,5.7,0.453
Namibia,2014,1.759459072,5.3,12.334
Namibia,2015,1.844571323,3.4,14.947
Namibia,2016,1.848990095,6.7,17.904
Namibia,2017,1.802197016,6.1,18.02
Namibia,2018,1.735898378,4.3,17.905
Namibia,2019,0.01,3.7,18.052
Namibia,2020,0.01,2.2,19.382
Nepal,2014,0.264996832,9,7.239
Nepal,2015,0.239126119,7.2,7.23
Nepal,2016,0.342583453,9.9,7.209
Nepal,2017,0.399165018,4.5,7.182
Nepal,2018,0.428179218,4.1,7.166
Nepal,2019,0.01,4.6,7.158
Nepal,2020,0.01,6.1,9.387
Netherlands,2014,8.887632902,0.3,6.248
Netherlands,2015,9.333572532,0.2,5.701
Netherlands,2016,9.293428178,0.1,4.572
Netherlands,2017,9.100887639,1.3,3.708
Netherlands,2018,8.772823734,1.6,3.029
Netherlands,2019,0.01,2.7,2.713
Netherlands,2020,0.01,1.1,2.758
New Zealand,2014,7.038636112,1.2,3.171
New Zealand,2015,6.983555343,0.3,3.287
New Zealand,2016,6.614199953,0.6,3.221
New Zealand,2017,6.838956291,1.9,2.788
New Zealand,2018,6.572664572,1.6,2.735
New Zealand,2019,0.01,1.6,2.598
New Zealand,2020,0.01,1.7,2.93
Nicaragua,2014,0.774899255,6,2.894
Nicaragua,2015,0.846826586,4,3.213
Nicaragua,2016,0.853430457,3.5,2.793
Nicaragua,2017,0.845752981,3.9,2.435
Nicaragua,2018,0.805815233,4.9,4
Nicaragua,2019,0.01,5.4,4.296
Nicaragua,2020,0.01,3.7,5.157
Niger,2014,0.102909629,-0.9,0.469
Niger,2015,0.09849181,1,0.532
Niger,2016,0.094762615,0.2,0.526
Niger,2017,0.09582274,0.2,0.544
Niger,2018,0.102037038,2.8,0.511
Niger,2019,0.01,-2.5,0.508
Niger,2020,0.01,2.9,0.678
Nigeria,2014,0.658711745,8,3.276
Nigeria,2015,0.597060396,9,3.46
Nigeria,2016,0.583027843,15.7,3.832
Nigeria,2017,0.591596789,16.5,4.155
Nigeria,2018,0.667110199,12.1,4.344
Nigeria,2019,0.01,11.4,4.386
Nigeria,2020,0.01,13.2,4.413
North Korea,2014,1.253901331,6,2.158
North Korea,2015,1.004612801,4.6,2.142
North Korea,2016,1.188967848,2.4,2.141
North Korea,2017,0.880069286,1.2,2.083
North Korea,2018,0.709208588,3,2.06
North Korea,2019,0.01,2.8,2.112
North Korea,2020,0.01,0.8,2.358
Norway,2014,7.451483601,2,2.922
Norway,2015,7.447085509,2.2,3.577
Norway,2016,7.249949804,3.6,4.262
Norway,2017,6.992651841,1.9,3.562
Norway,2018,7.031361189,2.8,3.079
Norway,2019,0.01,2.2,3.033
Norway,2020,0.01,1.3,3.621
Oman,2014,16.00842261,1,0.788
Oman,2015,16.00528292,0.1,0.736
Oman,2016,15.52503484,1.1,0.653
Oman,2017,14.98094912,1.6,0.5
Oman,2018,15.19212436,0.9,0.346
Oman,2019,0.01,0.1,0.403
Oman,2020,0.01,-0.9,0.624
Pakistan,2014,0.786820566,8.6,0.98
Pakistan,2015,0.820300353,4.5,1.848
Pakistan,2016,0.886749485,2.9,1.088
Pakistan,2017,0.950909547,4.1,1.82
Pakistan,2018,0.981820105,3.9,2.542
Pakistan,2019,0.01,6.7,2.665
Pakistan,2020,0.01,10.7,4.617
Palestine,2014,0.01,0.6,14.085
Palestine,2015,0.01,-0.8,15.385
Palestine,2016,0.01,-0.3,15.868
Palestine,2017,0.01,1.8,16.334
Palestine,2018,0.01,1.3,17.476
Palestine,2019,0.01,0.1,17.043
Palestine,2020,0.01,-0.5,18.443
Panama,2014,2.891335759,2.6,2.24
Panama,2015,2.696239628,0.1,2.54
Panama,2016,2.6677744,0.7,2.76
Panama,2017,2.495882403,0.9,2.84
Panama,2018,2.42765632,0.8,2.87
Panama,2019,0.01,-0.4,3.45
Panama,2020,0.01,-1.6,7.901
Papua New Guinea,2014,0.738668331,5.2,2.946
Papua New Guinea,2015,0.793066209,6,2.923
Papua New Guinea,2016,0.922414875,6.7,2.903
Papua New Guinea,2017,0.912534407,5.4,3.057
Papua New Guinea,2018,0.866804457,4.4,3.167
Papua New Guinea,2019,0.01,3.9,3.189
Papua New Guinea,2020,0.01,4.9,3.734
Paraguay,2014,0.853091829,5,2.348
Paraguay,2015,0.952345926,3.1,2.341
Paraguay,2016,1.054902434,4.1,2.746
Paraguay,2017,1.164982151,3.6,3.199
Paraguay,2018,1.210453778,4,3.368
Paraguay,2019,0.01,2.8,3.383
Paraguay,2020,0.01,1.8,3.882
Peru,2014,1.755046431,3.2,1.943
Peru,2015,1.766284697,3.5,2.315
Peru,2016,1.827909662,3.6,2.56
Peru,2017,1.717004408,2.8,2.445
Peru,2018,1.69681923,1.3,2.134
Peru,2019,0.01,2.1,2.206
Peru,2020,0.01,1.8,6.18
Philippines,2014,1.038769688,3.6,2.264
Philippines,2015,1.113176292,0.7,1.849
Philippines,2016,1.205049261,1.2,1.611
Philippines,2017,1.298718327,2.9,1.54
Philippines,2018,1.33369096,5.3,1.38
Philippines,2019,0.01,2.4,1.312
Philippines,2020,0.01,2.4,1.731
Poland,2014,7.517152269,0.1,7.097
Poland,2015,7.609299873,-0.9,6.073
Poland,2016,7.894108855,-0.7,5.046
Poland,2017,8.237562431,2,4.006
Poland,2018,8.235472255,1.8,3.193
Poland,2019,0.01,2.2,2.48
Poland,2020,0.01,3.4,2.523
Portugal,2014,4.415895223,-0.2,11.873
Portugal,2015,4.812669843,0.5,10.81
Portugal,2016,4.72231143,0.6,9.68
Portugal,2017,5.177519101,1.6,7.29
Portugal,2018,4.840612761,1.2,5.469
Portugal,2019,0.01,0.3,5.004
Portugal,2020,0.01,-0.1,5.479
Qatar,2014,32.69353229,4.2,0.027
Qatar,2015,32.47056953,0.9,0.034
Qatar,2016,32.128042,2.7,0.038
Qatar,2017,32.17937063,0.6,0.035
Qatar,2018,32.41563917,0.1,0.044
Qatar,2019,0.01,-0.9,0.04
Qatar,2020,0.01,-2.5,0.056
Romania,2014,3.586823815,1.1,5.982
Romania,2015,3.678916669,-0.6,6.403
Romania,2016,3.610752001,-1.6,5.55
Romania,2017,3.782790244,1.3,4.631
Romania,2018,3.845132759,4.6,3.827
Romania,2019,0.01,3.8,3.369
Romania,2020,0.01,2.6,4.304
Russia,2014,11.17274176,7.8,4.644
Russia,2015,10.80890931,15.5,4.903
Russia,2016,10.60603144,7,4.849
Russia,2017,10.77664459,3.7,4.518
Russia,2018,11.12661837,2.9,4.053
Russia,2019,0.01,4.5,3.902
Russia,2020,0.01,3.4,4.897
Rwanda,2014,0.073080757,1.8,9.818
Rwanda,2015,0.081800915,2.5,9.822
Rwanda,2016,0.089983322,5.7,9.786
Rwanda,2017,0.087639054,4.8,9.874
Rwanda,2018,0.087790824,1.4,8.574
Rwanda,2019,0.01,2.4,9.033
Rwanda,2020,0.01,7.7,9.597
Saint Lucia,2014,2.01898972,3.5,12.365
Saint Lucia,2015,2.12135253,-1,11.733
Saint Lucia,2016,1.944142022,-3.1,10.997
Saint Lucia,2017,2.044707248,0.1,10.404
Saint Lucia,2018,2.14415306,2.6,11.807
Saint Lucia,2019,0.01,0.5,9.09
Saint Lucia,2020,0.01,-1.8,14.007
Saint Vincent and the Grenadines,2014,2.663776316,0.2,15.47
Saint Vincent and the Grenadines,2015,2.015851927,-1.7,15.405
Saint Vincent and the Grenadines,2016,2.466496752,-0.2,15.387
Saint Vincent and the Grenadines,2017,2.458434251,2.2,15.443
Saint Vincent and the Grenadines,2018,2.540604301,2.3,15.535
Saint Vincent and the Grenadines,2019,0.01,0.9,15.87
Saint Vincent and the Grenadines,2020,0.01,-0.6,17.461
Samoa,2014,1.092498179,-1.2,5.66
Samoa,2015,1.240245982,1.9,5.158
Samoa,2016,1.542099311,0.1,4.674
Samoa,2017,1.535642257,1.3,4.299
Samoa,2018,1.631587535,3.7,4.371
Samoa,2019,0.01,2.2,4.431
Samoa,2020,0.01,1.5,4.929
Sao Tome and Principe,2014,0.613098857,7,8.028
Sao Tome and Principe,2015,0.601687734,6.1,8.038
Sao Tome and Principe,2016,0.590490156,5.4,8.113
Sao Tome and Principe,2017,0.627758516,5.7,8.264
Sao Tome and Principe,2018,0.663406498,7.9,8.323
Sao Tome and Principe,2019,0.01,7.7,8.435
Sao Tome and Principe,2020,0.01,9.8,9.344
Saudi Arabia,2014,17.36316244,2.2,1.584
Saudi Arabia,2015,17.69171234,1.2,1.364
Saudi Arabia,2016,17.1603242,2.1,1.533
Saudi Arabia,2017,16.33476362,-0.8,1.999
Saudi Arabia,2018,15.26878053,2.5,1.973
Saudi Arabia,2019,0.01,-2.1,1.522
Saudi Arabia,2020,0.01,3.4,2.771
Senegal,2014,0.604596628,-1.1,6.633
Senegal,2015,0.636556012,0.9,6.141
Senegal,2016,0.661619418,1.2,3.651
Senegal,2017,0.620648569,1.1,3.873
Senegal,2018,0.621912357,0.5,2.647
Senegal,2019,0.01,1,2.711
Senegal,2020,0.01,2.5,3.25
Serbia,2014,5.430136359,2.1,15.871
Serbia,2015,6.36470223,1.4,14.768
Serbia,2016,6.551132125,1.1,13.052
Serbia,2017,6.680095225,3.1,11.431
Serbia,2018,6.521922194,2,10.589
Serbia,2019,0.01,1.8,8.5
Serbia,2020,0.01,1.6,7.393
Sierra Leone,2014,0.168159366,4.6,4.028
Sierra Leone,2015,0.131066917,6.7,4.471
Sierra Leone,2016,0.130989244,10.9,4.591
Sierra Leone,2017,0.129533212,18.2,4.483
Sierra Leone,2018,0.133330736,16,4.037
Sierra Leone,2019,0.01,14.8,4.057
Sierra Leone,2020,0.01,13.4,4.605
Singapore,2014,8.128380884,1,3.209
Singapore,2015,8.220412567,-0.5,3.254
Singapore,2016,8.232150937,-0.5,3.545
Singapore,2017,8.451151436,0.6,3.749
Singapore,2018,8.399134832,0.4,3.189
Singapore,2019,0.01,0.6,2.71
Singapore,2020,0.01,-0.2,3.603
Slovakia,2014,5.619481904,-0.1,8.857
Slovakia,2015,5.669455793,-0.3,8.901
Slovakia,2016,5.80025256,-0.5,7.757
Slovakia,2017,6.173665694,1.4,7.018
Slovakia,2018,6.058635474,2.5,5.446
Slovakia,2019,0.01,2.8,4.957
Slovakia,2020,0.01,2,5.546
Slovenia,2014,6.38706486,0.2,8.148
Slovenia,2015,6.382264187,-0.5,7.292
Slovenia,2016,6.745625513,-0.1,6.87
Slovenia,2017,6.842858166,1.4,5.41
Slovenia,2018,6.774695332,1.7,4.296
Slovenia,2019,0.01,1.6,3.744
Slovenia,2020,0.01,-0.1,3.846
Solomon Islands,2014,0.579138412,5.3,0.581
Solomon Islands,2015,0.51398282,-0.6,0.587
Solomon Islands,2016,0.581171966,0.5,0.587
Solomon Islands,2017,0.550288508,0.5,0.577
Solomon Islands,2018,0.566740598,3.5,0.572
Solomon Islands,2019,0.01,1.6,0.597
Solomon Islands,2020,0.01,3,0.824
Somalia,2014,0.048422286,1.3,13.296
Somalia,2015,0.047110994,0.9,12.901
Somalia,2016,0.04652594,0,12.81
Somalia,2017,0.045239052,4,12.956
Somalia,2018,0.04597479,4.3,13.183
Somalia,2019,0.01,4.5,13.239
Somalia,2020,0.01,4.3,13.827
South Africa,2014,4.518767643,6.1,17.863
South Africa,2015,4.226359855,4.6,18.206
South Africa,2016,4.166531654,6.3,19.46
South Africa,2017,4.198086318,5.3,19.925
South Africa,2018,4.130131695,4.6,20.292
South Africa,2019,0.01,4.1,21.493
South Africa,2020,0.01,3.3,21.217
South Sudan,2014,0.144956618,4.3,7.902
South Sudan,2015,0.183843137,53,7.811
South Sudan,2016,0.159704298,346.1,8.359
South Sudan,2017,0.13931184,213,8.534
South Sudan,2018,0.125729734,83.4,8.283
South Sudan,2019,0.01,49.3,7.907
South Sudan,2020,0.01,24,9.067
Spain,2014,5.18406686,-0.2,21.388
Spain,2015,5.517944386,-0.6,18.78
Spain,2016,5.314294607,-0.3,16.334
Spain,2017,5.654039569,2,13.969
Spain,2018,5.5203504,1.7,12.174
Spain,2019,0.01,0.8,11.091
Spain,2020,0.01,-0.3,12.25
Sri Lanka,2014,0.847049764,2.8,1.389
Sri Lanka,2015,0.970910825,2.2,1.23
Sri Lanka,2016,1.034287601,4,1.063
Sri Lanka,2017,1.087017348,6.6,1.272
Sri Lanka,2018,0.99815413,4.3,1.263
Sri Lanka,2019,0.01,4.3,1.549
Sri Lanka,2020,0.01,4.6,1.754
Sudan,2014,0.403658393,36.9,8.679
Sudan,2015,0.457548873,16.9,8.344
Sudan,2016,0.513960335,17.8,8.356
Sudan,2017,0.498365757,32.4,8.475
Sudan,2018,0.483235878,63.3,8.616
Sudan,2019,0.01,51,8.795
Sudan,2020,0.01,163.3,9.82
Suriname,2014,4.771561493,3.4,2.774
Suriname,2015,4.918302524,6.9,3.532
Suriname,2016,4.089342395,55.5,3.235
Suriname,2017,3.733560502,22,3.206
Suriname,2018,3.611192614,6.9,3.111
Suriname,2019,0.01,4.4,3.022
Suriname,2020,0.01,34.9,3.709
Sweden,2014,4.03254501,0.2,5.866
Sweden,2015,4.000332272,0.7,5.664
Sweden,2016,3.909066586,1.1,5.574
Sweden,2017,3.811011227,1.9,5.415
Sweden,2018,3.538009127,2,4.961
Sweden,2019,0.01,1.7,4.967
Sweden,2020,0.01,0.7,6.27
Switzerland,2014,4.851838197,0,4.105
Switzerland,2015,4.712404478,-1.1,4.06
Switzerland,2016,4.730490994,-0.4,4.285
Switzerland,2017,4.569419203,0.5,4.06
Switzerland,2018,4.401991044,0.9,3.809
Switzerland,2019,0.01,0.4,3.489
Switzerland,2020,0.01,-0.7,4.08
Syria,2014,1.446764904,0,6.949
Syria,2015,1.446874775,0,6.604
Syria,2016,1.514980876,0,6.239
Syria,2017,1.702185507,0,5.997
Syria,2018,1.647087511,0,5.818
Syria,2019,0.01,0,5.644
Syria,2020,0.01,0,6.834
Tajikistan,2014,0.541632517,6.1,6.012
Tajikistan,2015,0.563045813,5.8,5.755
Tajikistan,2016,0.687937716,5.9,5.475
Tajikistan,2017,0.717320532,7.3,5.682
Tajikistan,2018,0.80541954,3.8,5.717
Tajikistan,2019,0.01,7.8,5.729
Tajikistan,2020,0.01,8.6,5.948
Tanzania,2014,0.214569239,6.1,0.981
Tanzania,2015,0.227066841,5.6,0.987
Tanzania,2016,0.205846528,5.2,1.027
Tanzania,2017,0.207828911,5.3,1.071
Tanzania,2018,0.205634733,3.5,1.138
Tanzania,2019,0.01,3.4,1.22
Tanzania,2020,0.01,3.3,1.51
Thailand,2014,3.779437929,1.9,0.319
Thailand,2015,3.82859407,-0.9,0.334
Thailand,2016,3.780122324,0.2,0.365
Thailand,2017,3.766228713,0.7,0.466
Thailand,2018,3.714039204,1.1,0.43
Thailand,2019,0.01,0.7,0.387
Thailand,2020,0.01,-0.8,0.703
The Democratic Republic of the Congo,2014,0.064933793,0.9,4.106
The Democratic Republic of the Congo,2015,0.037904358,3.2,4.118
The Democratic Republic of the Congo,2016,0.026145739,3.2,4.259
The Democratic Republic of the Congo,2017,0.028010253,0.4,4.401
The Democratic Republic of the Congo,2018,0.026169263,1.2,4.441
The Democratic Republic of the Congo,2019,0.01,0.4,4.41
The Democratic Republic of the Congo,2020,0.01,1.4,5.381
Timor-Leste,2014,0.451320026,0.8,1.607
Timor-Leste,2015,0.5099081,0.6,1.534
Timor-Leste,2016,0.565903572,-1.5,1.445
Timor-Leste,2017,0.482602191,0.5,1.439
Timor-Leste,2018,0.504741813,2.3,1.427
Timor-Leste,2019,0.01,0.9,1.372
Timor-Leste,2020,0.01,0.5,1.517
Togo,2014,0.222751565,0.2,2.367
Togo,2015,0.248526524,1.8,2.49
Togo,2016,0.30626028,0.9,3.018
Togo,2017,0.268884387,-0.2,3.614
Togo,2018,0.286471389,0.9,3.654
Togo,2019,0.01,0.7,3.679
Togo,2020,0.01,1.8,4.186
Tonga,2014,1.088860952,2.3,1.096
Tonga,2015,1.091486406,0.1,1.156
Tonga,2016,1.483048753,-0.6,1.162
Tonga,2017,1.764671281,7.2,1.212
Tonga,2018,1.841103111,6.8,1.284
Tonga,2019,0.01,3.3,1.239
Tonga,2020,0.01,0.4,1.66
Trinidad and Tobago,2014,16.08999829,5.7,1.779
Trinidad and Tobago,2015,15.51448846,4.7,1.591
Trinidad and Tobago,2016,13.23351455,3.1,2.486
Trinidad and Tobago,2017,13.14249382,1.9,2.572
Trinidad and Tobago,2018,12.77844012,1,2.573
Trinidad and Tobago,2019,0.01,1,2.514
Trinidad and Tobago,2020,0.01,0.6,3.111
Tunisia,2014,2.605937977,4.6,7.722
Tunisia,2015,2.653857785,4.4,9.379
Tunisia,2016,2.564592069,3.6,9.332
Tunisia,2017,2.614261782,5.3,9.354
Tunisia,2018,2.592258865,7.3,9.542
Tunisia,2019,0.01,6.7,10.662
Tunisia,2020,0.01,5.6,11.962
Turkey,2014,4.410763371,8.9,7.458
Turkey,2015,4.47717596,7.7,7.691
Turkey,2016,4.692471556,7.8,8.005
Turkey,2017,5.127196701,11.1,7.699
Turkey,2018,5.01541837,16.3,7.914
Turkey,2019,0.01,15.2,10.386
Turkey,2020,0.01,12.3,10.48
Turkmenistan,2014,12.71238222,6,4.176
Turkmenistan,2015,12.95172231,7.4,4.326
Turkmenistan,2016,12.71905356,3.6,4.459
Turkmenistan,2017,12.49811773,8,4.654
Turkmenistan,2018,12.25964817,13.3,4.725
Turkmenistan,2019,0.01,5.1,4.76
Turkmenistan,2020,0.01,6.1,5.366
Uganda,2014,0.128415159,4.3,1.37
Uganda,2015,0.127140436,3.7,1.568
Uganda,2016,0.143004244,5.2,1.761
Uganda,2017,0.141862619,5.6,2.068
Uganda,2018,0.143462178,2.5,1.956
Uganda,2019,0.01,2.1,1.831
Uganda,2020,0.01,2.8,2.595
Ukraine,2014,5.248479998,12.1,9.524
Ukraine,2015,4.227086146,48.7,8.843
Ukraine,2016,4.471757855,13.9,9.617
Ukraine,2017,3.899968181,14.4,10.301
Ukraine,2018,4.154180631,10.9,9.442
Ukraine,2019,0.01,7.9,7.882
Ukraine,2020,0.01,2.7,9.073
United Arab Emirates,2014,19.95185248,2.3,0.912
United Arab Emirates,2015,20.94809226,4.1,0.791
United Arab Emirates,2016,21.30760952,1.6,0.687
United Arab Emirates,2017,21.95061433,2,0.855
United Arab Emirates,2018,20.7974984,3.1,0.93
United Arab Emirates,2019,0.01,-1.9,1.068
United Arab Emirates,2020,0.01,-2.1,3.3
United Kingdom,2014,6.421598191,1.5,4.372
United Kingdom,2015,6.148544958,0,3.76
United Kingdom,2016,5.774741668,0.7,3.419
United Kingdom,2017,5.546265944,2.7,3.092
United Kingdom,2018,5.398708138,2.5,2.858
United Kingdom,2019,0.01,1.8,2.643
United Kingdom,2020,0.01,0.9,3.328
United States of America,2014,16.02637907,1.6,4.988
United States of America,2015,15.53534211,0.1,4.253
United States of America,2016,15.13174682,1.3,3.973
United States of America,2017,14.80588242,2.1,3.53
United States of America,2018,15.24087458,2.4,3.155
United States of America,2019,0.01,1.8,2.912
United States of America,2020,0.01,1.3,6.794
Uruguay,2014,1.911517895,8.9,2.877
Uruguay,2015,1.931411164,8.7,3.753
Uruguay,2016,1.90704875,9.6,3.941
Uruguay,2017,1.769167313,6.2,3.983
Uruguay,2018,1.890244079,7.6,4.09
Uruguay,2019,0.01,7.9,4.331
Uruguay,2020,0.01,9.8,5.355
Uzbekistan,2014,3.427109309,9.1,3.929
Uzbekistan,2015,3.24388397,8.5,4.057
Uzbekistan,2016,3.370708901,8.8,4.144
Uzbekistan,2017,3.438864292,13.9,4.803
Uzbekistan,2018,3.401191282,17.5,4.127
Uzbekistan,2019,0.01,14.5,3.417
Uzbekistan,2020,0.01,12.9,3.212
Vanuatu,2014,0.606317832,0.8,2.762
Vanuatu,2015,0.516361276,2.5,2.785
Vanuatu,2016,0.646723626,0.8,2.75
Vanuatu,2017,0.595448671,3.1,2.727
Vanuatu,2018,0.615016657,2.4,2.706
Vanuatu,2019,0.01,2.7,2.731
Vanuatu,2020,0.01,5.3,2.486
Venezuela,2014,6.269352903,62.2,5.093
Venezuela,2015,5.780234026,121.7,4.729
Venezuela,2016,5.428918569,254.9,4.319
Venezuela,2017,5.058756948,438.1,3.408
Venezuela,2018,4.782754887,65374.1,4.092
Venezuela,2019,0.01,19906,4.715
Venezuela,2020,0.01,2355.1,6.545
Vietnam,2014,1.837890351,4.1,0.707
Vietnam,2015,2.257300246,0.6,1.105
Vietnam,2016,2.390740709,2.7,1.068
Vietnam,2017,2.348081292,3.5,1.101
Vietnam,2018,2.698805922,3.5,0.687
Vietnam,2019,0.01,2.8,1.071
Vietnam,2020,0.01,3.2,1.18
Yemen,2014,1.034329677,8.2,8.398
Yemen,2015,0.536269296,22,11.705
Yemen,2016,0.400468047,21.3,12.169
Yemen,2017,0.361417938,30.4,12.396
Yemen,2018,0.326681763,33.6,11.732
Yemen,2019,0.01,15.7,11.541
Yemen,2020,0.01,21.7,12.301
Zambia,2014,0.311692501,7.8,5.136
Zambia,2015,0.319282188,10.1,5.341
Zambia,2016,0.341615023,17.9,5.469
Zambia,2017,0.414747987,6.6,5.612
Zambia,2018,0.446065443,7.5,3.796
Zambia,2019,0.01,9.2,4.026
Zambia,2020,0.01,15.7,3.934
Zimbabwe,2014,0.894256225,-0.2,3.677
Zimbabwe,2015,0.89759836,-2.4,4.325
Zimbabwe,2016,0.783302583,-1.6,4.843
Zimbabwe,2017,0.718570496,0.9,5.287
Zimbabwe,2018,0.849792905,10.6,5.722
Zimbabwe,2019,0.01,255.3,6.362
Zimbabwe,2020,0.01,557.2,6.996
